gene_norm,n_dataset_tp,n_datasets,datasets,cell_types,timepoints,max_log2FC,min_padj
Adamts9,5,3,GSE223744|GSE225948|GSE234052,Endothelial,12h|1d|1h|24h|Day2,6.362880964588147,1.9332107925078527e-82
Tmem252,5,3,GSE223744|GSE225948|GSE234052,Endothelial,12h|1d|1h|24h|Day2,3.820540912559904,6.90315171826331e-39
Ctla2a,5,3,GSE223744|GSE225948|GSE234052,Endothelial,12h|1d|1h|24h|Day2,3.603135436589224,6.85070023466899e-54
Msn,5,3,GSE223744|GSE225948|GSE234052,Endothelial,12h|1d|1h|24h|Day2,1.925661878407172,5.3385768783617074e-18
Ch25h,4,3,GSE223744|GSE225948|GSE234052,Endothelial,12h|1d|24h|Day2,5.815525267705413,7.035464074397407e-92
Tubb6,4,3,GSE223744|GSE225948|GSE234052,Endothelial,12h|1d|24h|Day2,5.532055261254612,8.502556811116312e-31
Scgb3a1,4,3,GSE223744|GSE225948|GSE234052,Endothelial,12h|1d|24h|Day2,5.4505217522224,8.952557751138863e-154
Litaf,4,3,GSE223744|GSE225948|GSE234052,Endothelial|Pericyte,12h|1d|24h|Day2,4.521557402097581,1.3758936184645452e-22
Tuba1c,4,3,GSE223744|GSE225948|GSE234052,Endothelial,12h|1d|24h|Day2,3.0641022,3.2798108443742244e-07
Ecscr,4,3,GSE223744|GSE225948|GSE234052,Endothelial,12h|1d|24h|Day2,2.848496366700854,1.0214790676318167e-38
Ifitm1,4,3,GSE223744|GSE225948|GSE234052,Endothelial|Pericyte|SMC,12h|1d|24h|Day2,2.7024815,6.948319213693841e-09
Rnd1,4,3,GSE223744|GSE225948|GSE234052,Endothelial,12h|1d|24h|Day2,2.5064967,3.6289757157381393e-13
Pde4b,4,3,GSE223744|GSE225948|GSE234052,Endothelial,12h|1d|24h|Day2,2.423882522865107,3.747111012717107e-05
Fkbp1a,4,3,GSE223744|GSE225948|GSE234052,Endothelial,12h|1d|24h|Day2,2.337595479019816,3.7313088268724737e-37
Rps2,4,3,GSE223744|GSE225948|GSE234052,Endothelial|Pericyte,12h|1d|24h|Day2,2.309985625035717,6.767663061985866e-57
Igfbp7,4,3,GSE223744|GSE225948|GSE234052,Endothelial,12h|1d|24h|Day2,2.276432850300263,2.435893996929204e-34
Ctsb,4,3,GSE223744|GSE225948|GSE234052,Endothelial|SMC,12h|1d|24h|Day2,2.176199,3.928904241922831e-06
Col4a2,4,3,GSE223744|GSE225948|GSE234052,Endothelial|Pericyte,12h|1d|24h|Day2,2.142800731996582,6.953179568691742e-27
Aig1,4,3,GSE223744|GSE225948|GSE234052,Endothelial,12h|1d|24h|Day2,2.0533115883867685,4.911175036492437e-23
Hspe1,4,3,GSE223744|GSE225948|GSE234052,Endothelial,12h|1d|24h|Day2,2.051699692827804,6.245811125780213e-07
Col4a1,4,3,GSE223744|GSE225948|GSE234052,Endothelial|Pericyte,12h|1d|24h|Day2,2.0462641762918388,7.770529687793834e-20
S100a11,4,3,GSE223744|GSE225948|GSE234052,Endothelial|Pericyte,12h|1d|24h|Day2,1.9742755944508672,1.9921418426980282e-28
Rplp0,4,3,GSE223744|GSE225948|GSE234052,Endothelial|Pericyte|SMC,12h|1d|24h|Day2,1.8122507799906549,1.4405013828699073e-49
Rpsa,4,3,GSE223744|GSE225948|GSE234052,Endothelial|Pericyte|SMC,12h|1d|24h|Day2,1.667773305178786,1.5613222566713243e-55
Tnfrsf1a,4,3,GSE223744|GSE225948|GSE234052,Endothelial,12h|1d|24h|Day2,1.5799927251391332,2.784270987606948e-11
Pdia6,4,3,GSE223744|GSE225948|GSE234052,Endothelial,12h|1d|24h|Day2,1.5097031053620753,1.4641236994806849e-08
Sparc,4,3,GSE223744|GSE225948|GSE234052,Endothelial,12h|1d|24h|Day2,1.4378710663814354,1.3464259314105618e-41
Mif,4,3,GSE223744|GSE225948|GSE234052,Endothelial,12h|1d|24h|Day2,1.4136633474834035,4.695870818709286e-10
Ifitm2,4,3,GSE223744|GSE225948|GSE234052,Endothelial|Pericyte,12h|1d|24h|Day2,1.401251771938889,1.85903801454739e-18
Ifitm3,4,3,GSE223744|GSE225948|GSE234052,Endothelial|Pericyte,12h|1d|24h|Day2,1.3792703767035797,2.8216814881141963e-30
Mrpl52,4,3,GSE223744|GSE225948|GSE234052,Endothelial,12h|1d|24h|Day2,1.3252841344887747,3.117285741935009e-06
Hspa5,4,3,GSE223744|GSE225948|GSE234052,Endothelial|Pericyte,12h|1d|24h|Day2,1.2478259235282765,1.7903507251033694e-15
Ssr4,4,3,GSE223744|GSE225948|GSE234052,Endothelial,12h|1d|24h|Day2,1.2308255069450154,1.0845026665750376e-08
Manf,4,3,GSE223744|GSE225948|GSE234052,Endothelial|Pericyte,12h|1d|24h|Day2,1.1975579771522002,2.15419566555296e-12
Rps26,4,3,GSE223744|GSE225948|GSE234052,Endothelial|Pericyte|SMC,12h|1d|24h|Day2,1.1110054248553574,2.3912262222750243e-18
Krtcap2,4,3,GSE223744|GSE225948|GSE234052,Endothelial|Pericyte,12h|1d|24h|Day2,1.0513655817588536,4.583433078232543e-10
Tuba1a,4,3,GSE223744|GSE225948|GSE234052,Endothelial|Pericyte,12h|1d|24h|Day2,1.0473355,1.6331083935760404e-06
Ldha,4,3,GSE223744|GSE225948|GSE234052,Endothelial|Pericyte,12h|1d|24h|Day2,1.0170482,7.505182445316742e-07
Pkm,4,3,GSE223744|GSE225948|GSE234052,Endothelial|SMC,12h|1d|24h|Day2,1.0036899,1.548385070391493e-23
Rplp2,4,3,GSE223744|GSE225948|GSE234052,Endothelial|Pericyte,12h|1d|24h|Day2,0.7191397006372571,4.355231530429177e-28
Timp1,3,3,GSE223744|GSE225948|GSE234052,Endothelial,1d|24h|Day2,7.086668748309079,1.4459697675676437e-22
Upp1,3,3,GSE223744|GSE225948|GSE234052,Endothelial,1d|24h|Day2,6.234724776667552,9.450625389474231e-27
Emp1,3,3,GSE223744|GSE225948|GSE234052,Endothelial,1d|24h|Day2,4.692152653447597,8.872079130141184e-16
Pdlim1,3,3,GSE223744|GSE225948|GSE234052,Endothelial,1d|24h|Day2,4.513268,5.4897522519470834e-08
Ai506816,3,3,GSE223744|GSE225948|GSE234052,Endothelial,1d|24h|Day2,3.166534868958091,4.0747282255760767e-32
Ppa1,3,3,GSE223744|GSE225948|GSE234052,Endothelial,1d|24h|Day2,2.7904762322615677,1.435057118176758e-25
Fbl,3,3,GSE223744|GSE225948|GSE234052,Endothelial,1d|24h|Day2,2.7298021208991874,1.0777377768019322e-11
S100a6,3,3,GSE223744|GSE225948|GSE234052,Endothelial|SMC,1d|24h|Day2,2.507212287764533,2.7825283674121403e-26
Srm,3,3,GSE223744|GSE225948|GSE234052,Endothelial,1d|24h|Day2,2.499994043018651,5.720108650877567e-08
Gngt2,3,3,GSE223744|GSE225948|GSE234052,Endothelial,1d|24h|Day2,2.4709717463573924,6.936180099164937e-21
Txnrd1,3,3,GSE223744|GSE225948|GSE234052,Endothelial|SMC,1d|24h|Day2,2.2556508,3.2054053678337683e-06
Vmp1,3,3,GSE223744|GSE225948|GSE234052,Endothelial,12h|1d|Day2,2.226379116899591,3.163812664613545e-13
Fam43a,3,3,GSE223744|GSE225948|GSE234052,Endothelial,12h|1d|Day2,2.222470405936196,5.019391614993383e-14
Aprt,3,3,GSE223744|GSE225948|GSE234052,Endothelial,1d|24h|Day2,2.1241098131867058,7.291254923037751e-06
Abi3,3,3,GSE223744|GSE225948|GSE234052,Endothelial,1d|24h|Day2,2.046106206560084,6.0249368762069615e-18
Anxa2,3,3,GSE223744|GSE225948|GSE234052,Endothelial,1d|24h|Day2,1.9694683423579809,6.311241435291864e-23
Esd,3,3,GSE223744|GSE225948|GSE234052,Endothelial,1d|24h|Day2,1.96582609337394,3.286590184397168e-11
Eif4ebp1,3,3,GSE223744|GSE225948|GSE234052,Endothelial,1d|24h|Day2,1.9639519952505655,1.8391216819679527e-28
Nid1,3,3,GSE223744|GSE225948|GSE234052,Endothelial,1d|24h|Day2,1.939388120316862,7.838062199572069e-14
Nme1,3,3,GSE223744|GSE225948|GSE234052,Endothelial,1d|24h|Day2,1.905541571713977,4.864313591613487e-15
Nhp2,3,3,GSE223744|GSE225948|GSE234052,Endothelial,1d|24h|Day2,1.727687423265735,3.479252252542889e-07
Ftl1,3,3,GSE223744|GSE225948|GSE234052,Endothelial|SMC,1d|24h|Day2,1.7191701,2.4133205405448024e-24
Ralb,3,3,GSE223744|GSE225948|GSE234052,Endothelial,12h|1d|Day2,1.618623344935089,3.5028058675410894e-11
Atp5g1,3,3,GSE223744|GSE225948|GSE234052,Endothelial,1d|24h|Day2,1.5922739004836803,4.840812154143094e-10
Vim,3,3,GSE223744|GSE225948|GSE234052,Endothelial,1d|24h|Day2,1.5254668041446644,3.0420401441559265e-12
Cd200,3,3,GSE223744|GSE225948|GSE234052,Endothelial,12h|1d|Day2,1.522294806084736,3.556734906478455e-13
Ddx39,3,3,GSE223744|GSE225948|GSE234052,Endothelial,1d|24h|Day2,1.4202542330838088,4.7378048089048426e-08
Serpinh1,3,3,GSE223744|GSE225948|GSE234052,Endothelial,12h|1d|Day2,1.4156670876957005,8.253253310197445e-09
Xbp1,3,3,GSE223744|GSE225948|GSE234052,Endothelial,12h|1d|Day2,1.3857436062132946,1.7706370899146314e-12
Bola2,3,3,GSE223744|GSE225948|GSE234052,Endothelial,1d|24h|Day2,1.3688195255654,0.0020028436609789
Rplp1,3,3,GSE223744|GSE225948|GSE234052,Endothelial|Pericyte,1d|24h|Day2,1.3314479015955305,1.5409759438599506e-29
Rps18,3,3,GSE223744|GSE225948|GSE234052,Endothelial,1d|24h|Day2,1.318244473105354,1.794702710730533e-23
Rps8,3,3,GSE223744|GSE225948|GSE234052,Endothelial|Pericyte,1d|24h|Day2,1.3000010439576024,0.0153240169868889
Eif4a1,3,3,GSE223744|GSE225948|GSE234052,Endothelial,1d|24h|Day2,1.2988558015227645,6.968077878629934e-11
Ran,3,3,GSE223744|GSE225948|GSE234052,Endothelial,1d|24h|Day2,1.287990319405152,1.486248648237828e-16
Hsd17b12,3,3,GSE223744|GSE225948|GSE234052,Endothelial,1d|24h|Day2,1.2608841944579428,6.037006454632814e-12
Eef1g,3,3,GSE223744|GSE225948|GSE234052,Endothelial,1d|24h|Day2,1.222247901377589,1.0373548691795755e-24
Npm1,3,3,GSE223744|GSE225948|GSE234052,Endothelial,1d|24h|Day2,1.2079121192911138,6.089749584264413e-12
Lmna,3,3,GSE223744|GSE225948|GSE234052,Endothelial,1d|24h|Day2,1.1802984,1.903993990893485e-11
Tm4sf1,3,3,GSE223744|GSE225948|GSE234052,Endothelial,12h|1d|Day2,1.1785937764048808,0.0001636718856663
Pkig,3,3,GSE223744|GSE225948|GSE234052,Endothelial,12h|1d|Day2,1.147594897467494,1.006916929462831e-09
Eif5a,3,3,GSE223744|GSE225948|GSE234052,Endothelial,1d|24h|Day2,1.1398317088099823,4.3453808708135735e-08
Tcp1,3,3,GSE223744|GSE225948|GSE234052,Endothelial,1d|24h|Day2,1.1230960740489018,4.4458917613898535e-08
H13,3,3,GSE223744|GSE225948|GSE234052,Endothelial,1d|24h|Day2,1.1127551387449786,1.051672627292558e-06
Calr,3,3,GSE223744|GSE225948|GSE234052,Endothelial,1d|24h|Day2,1.0860573,5.3243759904042944e-24
Tubb5,3,3,GSE223744|GSE225948|GSE234052,Endothelial,1d|24h|Day2,1.0793224889261424,1.507200798454376e-10
P4hb,3,3,GSE223744|GSE225948|GSE234052,Endothelial,1d|24h|Day2,1.0769148834870457,5.662796305166359e-06
H2afj,3,3,GSE223744|GSE225948|GSE234052,Endothelial,1d|24h|Day2,1.037643242147517,8.747169276798143e-06
Rpl41,3,3,GSE223744|GSE225948|GSE234052,Endothelial|Pericyte|SMC,1d|24h|Day2,1.0298114993634904,1.3688214918542115e-55
Cct6a,3,3,GSE223744|GSE225948|GSE234052,Endothelial,1d|24h|Day2,1.0211851365208986,2.932870763071228e-07
Ranbp1,3,3,GSE223744|GSE225948|GSE234052,Endothelial,1d|24h|Day2,1.000898499957768,2.411377534787677e-06
Mrpl17,3,3,GSE223744|GSE225948|GSE234052,Endothelial,1d|24h|Day2,0.9682125879956828,0.0039235386868419
Rpl18,3,3,GSE223744|GSE225948|GSE234052,Endothelial|SMC,1d|24h|Day2,0.9571055180931624,0.0025684076041704
Pfn1,3,3,GSE223744|GSE225948|GSE234052,Endothelial|Pericyte,12h|1d|Day2,0.9223319107429392,0.0002600490844474
Actb,3,3,GSE223744|GSE225948|GSE234052,Endothelial|Pericyte,1d|24h|Day2,0.9106052967611364,4.4654313720214576e-36
Rack1,3,3,GSE223744|GSE225948|GSE234052,Endothelial,1d|24h|Day2,0.8371148511256487,1.7951072636568246e-16
Psmb4,3,3,GSE223744|GSE225948|GSE234052,Endothelial,1d|24h|Day2,0.8303331399180555,1.2607022232584346e-07
Rpl8,3,3,GSE223744|GSE225948|GSE234052,Endothelial|SMC,1d|24h|Day2,0.7384279401843377,0.0020582122302896
Plaur,4,2,GSE223744|GSE234052,Endothelial,12h|1d|1h|24h,4.344452442261196,1.757418196188156e-21
Adamts1,4,2,GSE223744|GSE234052,Endothelial|Pericyte,12h|1d|1h|24h,3.3792875,9.130632579990222e-43
Akap12,4,2,GSE223744|GSE234052,Endothelial,12h|1d|1h|24h,3.3113871368187104,8.452343611145578e-11
Cd93,4,2,GSE223744|GSE234052,Endothelial,12h|1d|1h|24h,1.3076321,6.297913462667951e-17
Kit,3,2,GSE223744|GSE234052,Endothelial,12h|1d|24h,6.0627556,4.518934456598169e-07
Trp53i11,3,2,GSE223744|GSE234052,Endothelial,12h|1d|24h,5.3879657,0.0037527523349618
Synpo,3,2,GSE223744|GSE234052,Endothelial,12h|1d|24h,5.180788322924682,1.8059827684337866e-68
Angpt2,3,2,GSE223744|GSE234052,Endothelial,12h|1d|24h,4.2071630453884215,3.196643508079733e-17
Lrrc32,3,2,GSE223744|GSE234052,Endothelial,12h|1d|24h,3.466444978226668,1.959256582731747e-06
Mt2,3,2,GSE223744|GSE234052,Endothelial,12h|1d|24h,3.3535578082643696,2.0362318958063883e-07
Ptpre,3,2,GSE223744|GSE234052,Endothelial,12h|1d|24h,3.042025738001552,1.5708475526153337e-13
Tnfrsf12a,3,2,GSE223744|GSE234052,Endothelial,12h|1d|24h,2.953570256488816,6.1553927183940655e-24
Apold1,3,2,GSE223744|GSE234052,Endothelial|Pericyte,1d|1h|24h,2.9020944,2.6055774122435852e-23
Meox1,3,2,GSE223744|GSE234052,Endothelial,12h|1d|24h,2.7443943795452594,4.1646514176033633e-17
Crlf2,3,2,GSE223744|GSE234052,Endothelial,12h|1d|24h,2.5513105434438392,1.2883402992470078e-27
Adm,3,2,GSE223744|GSE234052,Endothelial,12h|1d|24h,2.397799,3.1546456208014824e-07
Hilpda,3,2,GSE223744|GSE234052,Endothelial,12h|1d|24h,2.3045266,2.657336337933726e-07
Gja1,3,2,GSE223744|GSE234052,Endothelial,12h|1d|24h,2.295550038973648,1.4466050001156158e-11
Gimap5,3,2,GSE223744|GSE234052,Endothelial,12h|1d|24h,2.239825820707504,1.3772415456355195e-17
Odc1,3,2,GSE223744|GSE234052,Endothelial,12h|1d|24h,2.193582,4.221190370708695e-06
Nus1,3,2,GSE223744|GSE234052,Endothelial,12h|1d|24h,2.165154600887613,1.7862449246506386e-14
Fosl2,3,2,GSE223744|GSE234052,Endothelial,1d|1h|24h,2.1402838,2.8907434062549272e-08
Errfi1,3,2,GSE223744|GSE234052,Endothelial,12h|1d|24h,2.1152204991933496,0.001548688993954
Cdc42ep3,3,2,GSE223744|GSE234052,Endothelial,12h|1d|1h,2.019940288794061,2.3672595663765083e-14
Pvr,3,2,GSE223744|GSE234052,Endothelial,12h|1d|24h,1.9470798045925044,1.2863390548367207e-11
Sema6d,3,2,GSE223744|GSE234052,Endothelial,12h|1d|24h,1.8330522,2.742230303083669e-10
Capg,3,2,GSE223744|GSE234052,Endothelial,12h|1d|24h,1.7601443208783931,1.724736513987371e-17
Rhoc,3,2,GSE223744|GSE234052,Endothelial,12h|1d|24h,1.7440591157532712,4.816634043958223e-17
Sat1,3,2,GSE223744|GSE234052,Endothelial,1d|1h|24h,1.73836167167108,3.610004193049515e-16
Ifrd1,3,2,GSE223744|GSE234052,Endothelial,12h|1d|24h,1.7151087711106623,7.769044390523883e-13
Gapdh,3,2,GSE223744|GSE234052,Endothelial|Pericyte|SMC,12h|1d|24h,1.7045838434044271,8.705316639722546e-37
Tpm3,3,2,GSE223744|GSE234052,Endothelial,12h|1d|24h,1.6660137959329953,3.1865554600252505e-22
Cyba,3,2,GSE223744|GSE234052,Endothelial|SMC,12h|1d|24h,1.5689,1.5380979862972637e-05
Cdc42ep2,3,2,GSE223744|GSE234052,Endothelial,12h|1d|24h,1.5653617,3.267342830150864e-05
Rell1,3,2,GSE223744|GSE234052,Endothelial,12h|1d|24h,1.5628812,5.120760828992613e-09
Cpne8,3,2,GSE223744|GSE234052,Endothelial,12h|1d|24h,1.5169623823422504,1.2723576512531769e-11
Hbegf,3,2,GSE223744|GSE234052,Endothelial,12h|1d|24h,1.4997965,5.785199093911601e-07
Tpm4,3,2,GSE223744|GSE234052,Endothelial,12h|1d|24h,1.4937462633192304,3.6316531334718526e-14
Gimap6,3,2,GSE223744|GSE234052,Endothelial,1d|1h|24h,1.4491494,5.6147356410143e-12
Ccnl1,3,2,GSE223744|GSE234052,Endothelial,1d|1h|24h,1.277338,1.1334476713896887e-07
Bhlhe40,3,2,GSE223744|GSE234052,Endothelial,12h|1d|1h,1.2415874,5.723298270816493e-06
Ddx21,3,2,GSE223744|GSE234052,Endothelial,12h|1d|24h,1.2221681040695964,1.5627188481713844e-07
Tagln2,3,2,GSE223744|GSE234052,Endothelial|Pericyte,12h|1d|24h,1.1939915763747415,1.3477407504712479e-12
Fth1,3,2,GSE223744|GSE234052,Endothelial|Pericyte|SMC,12h|1d|24h,1.1925097023965652,2.275605052482577e-13
Rassf1,3,2,GSE223744|GSE234052,Endothelial,12h|1d|24h,1.1785393340820003,1.709933061357502e-06
Prnp,3,2,GSE223744|GSE234052,Endothelial,12h|1d|24h,1.1775996938501272,3.118399380081836e-09
Smad1,3,2,GSE223744|GSE234052,Endothelial,12h|1d|24h,1.1639123,6.5588159532476135e-06
Nme2,3,2,GSE223744|GSE234052,Endothelial|Pericyte,12h|1d|24h,1.161445,1.6826618135077853e-22
Tnfaip1,3,2,GSE223744|GSE234052,Endothelial,12h|1d|24h,1.1361437533515573,1.263005825827329e-06
Myh9,3,2,GSE223744|GSE234052,Endothelial,1d|1h|24h,1.1075777,1.792837121733097e-18
Pgk1,3,2,GSE223744|GSE234052,Endothelial,12h|1d|24h,1.0855976,7.420097153537555e-07
Atf4,3,2,GSE223744|GSE234052,Endothelial,12h|1d|24h,1.0582981,8.14307711467967e-13
Dad1,3,2,GSE225948|GSE234052,Endothelial|Pericyte,12h|24h|Day2,1.0546853174641753,1.2389132570856137e-06
Map4k4,3,2,GSE223744|GSE234052,Endothelial,12h|1d|24h,1.0363054110070962,1.1083943676516237e-08
Sertad1,3,2,GSE223744|GSE234052,Endothelial,12h|1d|24h,1.0231666671803548,5.490653529199583e-06
Eif2s2,3,2,GSE223744|GSE234052,Endothelial,12h|1d|24h,0.9970471974038976,6.8476823296135755e-09
Cycs,3,2,GSE223744|GSE234052,Endothelial,12h|1d|24h,0.978908457854948,1.5123231995305961e-07
Bax,3,2,GSE223744|GSE234052,Endothelial,12h|1d|24h,0.9680230705254168,1.1479249115367225e-07
Snrpd1,3,2,GSE223744|GSE234052,Endothelial,12h|1d|24h,0.849475631936372,3.7578213469449706e-08
N4bp3,3,2,GSE223744|GSE234052,Endothelial,12h|1d|24h,0.7412979500221865,0.0006645639018032
Set,3,2,GSE223744|GSE234052,Endothelial,12h|1d|24h,0.647691,7.811782935436866e-06
Adamts4,2,2,GSE223744|GSE234052,Endothelial,1d|24h,7.999739798887071,6.007184173961142e-19
Lrg1,2,2,GSE223744|GSE225948,Endothelial,1d|Day2,7.966775362875419,5.4368179872985735e-177
Ackr1,2,2,GSE223744|GSE225948,Endothelial,1d|Day2,7.687023202632711,5.462006767934064e-35
Lcn2,2,2,GSE223744|GSE234052,Endothelial,12h|1d,7.566070224035246,5.327082765185692e-56
Apln,2,2,GSE223744|GSE234052,Endothelial,1d|24h,5.7882586,5.347211529279072e-16
Cd14,2,2,GSE223744|GSE234052,Endothelial|SMC,1d|24h,5.783589786552186,6.742227143341442e-08
Chst1,2,2,GSE223744|GSE234052,Endothelial,1d|24h,5.1302357,9.536500462243436e-07
Igfbp4,2,2,GSE223744|GSE225948,Endothelial,1d|Day2,4.43779950641484,1.734709005005324e-42
Atp8b1,2,2,GSE223744|GSE225948,Endothelial,1d|Day2,3.83397678133035,3.1121037600095616e-18
Ptgs2,2,2,GSE223744|GSE225948,Endothelial,1d|Day2,3.672053530516328,0.0017485368070338
Lgals1,2,2,GSE223744|GSE225948,Endothelial,1d|Day2,3.5828661523294256,0.000725429531041
Ctla2b,2,2,GSE223744|GSE234052,Endothelial,1d|24h,3.399725731947356,1.945295376209057e-35
Angptl4,2,2,GSE223744|GSE234052,Endothelial,12h|1d,3.265387406698693,4.653426443642092e-29
Pim1,2,2,GSE223744|GSE234052,Endothelial|SMC,1d|24h,3.2115464,3.317168540040488e-07
B3gnt3,2,2,GSE223744|GSE225948,Endothelial,1d|Day2,3.1118918487009912,1.416812777760002e-33
Rdh10,2,2,GSE223744|GSE234052,Endothelial|Pericyte,12h|1d,2.8543785,0.0007554888578695
Cebpd,2,2,GSE223744|GSE234052,Endothelial|Pericyte,12h|1d,2.8114874108542214,2.8612458619716685e-22
Hmox1,2,2,GSE223744|GSE234052,Endothelial,1d|24h,2.8106759946697712,0.0012051222317671
Kdm6b,2,2,GSE223744|GSE234052,Endothelial,1d|1h,2.7832515,2.6723884943302044e-06
Il4ra,2,2,GSE223744|GSE234052,Endothelial,1d|24h,2.675270401147955,2.404571160425108e-24
Ercc1,2,2,GSE223744|GSE234052,Endothelial,1d|24h,2.3835667265301823,1.0805868485203352e-19
Tmcc3,2,2,GSE223744|GSE234052,Endothelial,1d|1h,2.351850727665421,0.0017435832668816
Mall,2,2,GSE223744|GSE234052,Endothelial,1d|24h,2.34698598605476,5.007054837071431e-16
Rai14,2,2,GSE223744|GSE234052,Endothelial,1d|24h,2.3048313639356146,3.4115435599511865e-18
Tmem176a,2,2,GSE223744|GSE225948,Endothelial,1d|Day2,2.23854107250156,1.356935433573886e-38
Mt1,2,2,GSE223744|GSE234052,Endothelial|Pericyte,12h|1d,2.2101568250958223,0.0003937379959499
Ace,2,2,GSE223744|GSE225948,Endothelial,1d|Day2,2.116088289795962,1.3802453262251793e-22
Il2rg,2,2,GSE223744|GSE225948,Endothelial,1d|Day2,2.1115731334786423,1.6540787058513342e-20
Sbno2,2,2,GSE223744|GSE234052,Endothelial,1d|24h,2.101815473049099,1.0820207724176533e-16
Ubtd1,2,2,GSE223744|GSE234052,Endothelial,1d|24h,2.047436773285349,3.11915828520061e-10
Fxyd5,2,2,GSE223744|GSE234052,Endothelial|SMC,1d|24h,2.0471578,3.497592036330144e-30
Ppp1r14b,2,2,GSE223744|GSE234052,Endothelial,1d|24h,2.0183756220888927,3.532551607196487e-08
Mrps28,2,2,GSE223744|GSE225948,Endothelial,1d|Day2,1.996047939528612,0.0003527102901653
Gja4,2,2,GSE223744|GSE225948,Endothelial,1d|Day2,1.9726582501614849,0.0021082015305491
Map1b,2,2,GSE223744|GSE234052,Endothelial,1d|24h,1.9480385,1.5751250386390302e-10
Uchl3,2,2,GSE223744|GSE225948,Endothelial,1d|Day2,1.925957549655907,3.163812664613545e-13
Cebpb,2,2,GSE223744|GSE234052,Endothelial|Pericyte,12h|1d,1.902016508424096,8.776956653206001e-05
Gmpr,2,2,GSE223744|GSE234052,Endothelial,1d|24h,1.8982026547338744,7.483853827211143e-09
Dysf,2,2,GSE223744|GSE234052,Endothelial,1d|24h,1.8792054125622029,5.3360805357279875e-14
Bcr,2,2,GSE223744|GSE234052,Endothelial,1d|24h,1.8732596160041524,2.7671261917104824e-17
Arid5a,2,2,GSE223744|GSE234052,Endothelial,1d|24h,1.8374876,1.881153104318543e-05
Cdkn1a,2,2,GSE223744|GSE234052,Endothelial|SMC,1d|24h,1.7773191193419768,4.050262263059142e-13
Rpl12,2,2,GSE223744|GSE234052,Endothelial,1d|24h,1.763635925426398,2.725055234585471e-35
Ccnd1,2,2,GSE223744|GSE234052,Endothelial,1d|24h,1.7300377,3.1250058797883384e-11
Tpm3-rs7,2,2,GSE223744|GSE234052,Endothelial,1d|24h,1.726288828261458,3.4048631293406564e-05
Rpl32,2,2,GSE223744|GSE225948,Endothelial,1d|Day2,1.6787298014951475,8.443192308961154e-08
Eif1a,2,2,GSE223744|GSE234052,Endothelial,1d|24h,1.6695822119008636,1.4838099183831528e-15
Ctps,2,2,GSE223744|GSE225948,Endothelial,1d|Day2,1.6661881859552847,1.2207297437850418e-17
Vsig2,2,2,GSE223744|GSE234052,Endothelial,1d|24h,1.6182556,1.1256391470384865e-07
Vwf,2,2,GSE223744|GSE225948,Endothelial,1d|Day2,1.6097848570913764,2.552219176047491e-08
Actr3,2,2,GSE223744|GSE234052,Endothelial,12h|1d,1.5835065661747652,4.631219491337441e-11
Pbdc1,2,2,GSE223744|GSE225948,Endothelial,1d|Day2,1.5831140236877324,0.0091245228488775
Pno1,2,2,GSE223744|GSE225948,Endothelial,1d|Day2,1.579910064511138,3.934029748032318e-12
Mrto4,2,2,GSE223744|GSE234052,Endothelial,1d|24h,1.5668116,1.1885279158009452e-10
Arpc1b,2,2,GSE223744|GSE234052,Endothelial|Pericyte,12h|1d,1.5615544,8.084423433163625e-14
Nop58,2,2,GSE223744|GSE225948,Endothelial,1d|Day2,1.5585290912857748,2.51604735197124e-06
Kctd17,2,2,GSE223744|GSE234052,Endothelial,1d|24h,1.5530299096584703,6.874919115430523e-08
Snrpa1,2,2,GSE223744|GSE225948,Endothelial,1d|Day2,1.5220147101661297,6.730438938710626e-08
Socs3,2,2,GSE223744|GSE234052,Endothelial,12h|1d,1.5122143,1.1815491280730079e-09
Npdc1,2,2,GSE223744|GSE225948,Endothelial,1d|Day2,1.5094885637744344,1.4281106188276758e-06
Slc39a1,2,2,GSE223744|GSE234052,Endothelial,1d|24h,1.4839202388945918,2.8346075518811282e-08
Mgp,2,2,GSE223744|GSE225948,Endothelial,1d|Day2,1.470093474365986,3.3696309834920585e-12
Rapgef5,2,2,GSE223744|GSE234052,Endothelial,1d|24h,1.4476812331142044,3.1664847622283644e-06
Tgm2,2,2,GSE223744|GSE234052,Endothelial,1d|24h,1.42960659973076,1.8187883525075012e-14
Ptpn1,2,2,GSE223744|GSE234052,Endothelial|SMC,1d|24h,1.4163274,0.0008958682694714
C1qbp,2,2,GSE223744|GSE225948,Endothelial,1d|Day2,1.4050866349212618,0.0003956157292574
Clic1,2,2,GSE223744|GSE234052,Endothelial|SMC,1d|24h,1.394281380363334,5.995060960374876e-14
Mybbp1a,2,2,GSE223744|GSE234052,Endothelial,1d|24h,1.3883487,8.527952146929774e-07
Pakap,2,2,GSE223744|GSE234052,Endothelial,1d|1h,1.3832303896108238,3.184867988583049e-05
S1pr1,2,2,GSE223744|GSE234052,Endothelial,1d|1h,1.3757809187380152,7.492598150018594e-11
Hsd3b7,2,2,GSE223744|GSE234052,Endothelial,12h|1d,1.3741144813865445,6.597451966855828e-09
Sec61b,2,2,GSE225948|GSE234052,Endothelial|Pericyte,12h|Day2,1.349870364671667,0.0003832126795701
Cnn3,2,2,GSE223744|GSE234052,Endothelial,12h|1d,1.3421291759035303,5.1110455512963254e-08
Gcnt2,2,2,GSE223744|GSE234052,Endothelial,1d|1h,1.3378519,0.0008343317484744
Surf4,2,2,GSE223744|GSE225948,Endothelial,1d|Day2,1.3248716066595778,8.575323639539363e-07
Arhgdib,2,2,GSE223744|GSE225948,Endothelial,1d|Day2,1.3122624515607386,0.0068101613916344
Tubb4b,2,2,GSE223744|GSE234052,Endothelial,1d|24h,1.3103234,1.116348615249667e-16
Orai1,2,2,GSE225948|GSE234052,Endothelial,24h|Day2,1.3098154307095191,0.0035762638506141
Actg1,2,2,GSE223744|GSE234052,Endothelial|Pericyte,1d|24h,1.2989864,1.043030974920951e-06
Galnt1,2,2,GSE223744|GSE234052,Endothelial,1d|24h,1.2928732501658229,6.135310862900641e-20
Pdia4,2,2,GSE223744|GSE225948,Endothelial,1d|Day2,1.2923203812386066,0.0001088187080814
Sdcbp,2,2,GSE223744|GSE234052,Endothelial,12h|1d,1.284179195068169,3.9509461401328323e-13
Ddost,2,2,GSE223744|GSE225948,Endothelial,1d|Day2,1.280105657895686,0.0053077490400971
Ssr2,2,2,GSE223744|GSE225948,Endothelial,1d|Day2,1.2786107997632945,0.0021299745559857
Mapk6,2,2,GSE223744|GSE234052,Endothelial,1d|24h,1.2744464,4.299001415131246e-05
Ly6a,2,2,GSE223744|GSE225948,Endothelial,1d|Day2,1.2637664432899414,1.1839842972472458e-15
Rps11,2,2,GSE225948|GSE234052,Endothelial|Pericyte,24h|Day2,1.2611664307594856,9.923414296069117e-18
Gch1,2,2,GSE223744|GSE234052,Endothelial,1d|1h,1.2483108,1.956200613591906e-05
Rpl6,2,2,GSE223744|GSE225948,Endothelial,1d|Day2,1.2446180955983623,2.1745342038346563e-06
Mrpl33,2,2,GSE223744|GSE225948,Endothelial,1d|Day2,1.240591218887392,0.0064616125343006
Trib1,2,2,GSE223744|GSE234052,Endothelial,1d|24h,1.2178948148850726,1.430742128137616e-05
Midn,2,2,GSE223744|GSE234052,Endothelial,1d|24h,1.2137013841396755,8.755891843383723e-06
Creld2,2,2,GSE223744|GSE225948,Endothelial,1d|Day2,1.210899377836714,1.7498906295154883e-06
Wsb2,2,2,GSE223744|GSE234052,Endothelial,12h|1d,1.2071393568562023,2.047525248171436e-12
Eif3i,2,2,GSE223744|GSE225948,Endothelial,1d|Day2,1.2070305028383517,0.001355571997009
Tmsb4x,2,2,GSE223744|GSE225948,Endothelial,1d|Day2,1.206914001123832,2.955509045010565e-05
Pdia3,2,2,GSE223744|GSE225948,Endothelial,1d|Day2,1.203367005841042,0.000151455135459
Chd7,2,2,GSE223744|GSE234052,Endothelial,1d|24h,1.1992171104902474,5.886273253461365e-05
Etf1,2,2,GSE223744|GSE234052,Endothelial,1d|24h,1.196860816608195,5.594721593875495e-08
Jpt1,2,2,GSE223744|GSE234052,Endothelial,1d|24h,1.1959725780431707,1.0752587453821373e-07
Gnl3,2,2,GSE223744|GSE234052,Endothelial,1d|24h,1.1949798943208814,8.01608620377706e-05
Ndufb6,2,2,GSE223744|GSE225948,Endothelial,1d|Day2,1.187932237418844,0.0037109921902509
Rpl10,2,2,GSE223744|GSE234052,Endothelial,12h|1d,1.179953225985246,3.576741444700825e-10
Banf1,2,2,GSE223744|GSE225948,Endothelial,1d|Day2,1.159202560788137,0.0006533421095656
Cpe,2,2,GSE223744|GSE225948,Endothelial,1d|Day2,1.1559103116468206,4.46247309319086e-05
Hsp90aa1,2,2,GSE223744|GSE234052,Endothelial|Pericyte,1d|24h,1.1548139,3.2295166039353754e-09
Entpd1,2,2,GSE223744|GSE225948,Endothelial,1d|Day2,1.1482609343950905,0.0001905536762802
Psmc4,2,2,GSE223744|GSE225948,Endothelial,1d|Day2,1.146679426165617,5.110588471216249e-05
Flna,2,2,GSE223744|GSE234052,Endothelial,1d|24h,1.1447654377109369,3.791281389887236e-07
Plin2,2,2,GSE223744|GSE234052,Endothelial,1d|24h,1.1422889,7.85052805041909e-06
Lsm4,2,2,GSE223744|GSE234052,Endothelial,1d|24h,1.1419628922936147,1.623891646188437e-08
Tmed9,2,2,GSE223744|GSE225948,Endothelial,1d|Day2,1.1364412102921515,2.4497979227752537e-05
Rpn1,2,2,GSE223744|GSE225948,Endothelial,1d|Day2,1.1358415505332484,0.0006171968050723
Rps9,2,2,GSE225948|GSE234052,Endothelial|SMC,24h|Day2,1.1266810658760675,4.799056476332654e-05
Rasip1,2,2,GSE223744|GSE234052,Endothelial,1d|24h,1.1188644149225306,1.266147548803219e-09
Adcy4,2,2,GSE223744|GSE234052,Endothelial,1d|24h,1.1160698917337208,2.868639444259474e-07
Myo1c,2,2,GSE223744|GSE234052,Endothelial,1d|24h,1.1117514308845315,2.4811155229012116e-09
Slc38a2,2,2,GSE223744|GSE234052,Endothelial,1d|1h,1.1103805,0.0009724200474698
Txn1,2,2,GSE223744|GSE225948,Endothelial,1d|Day2,1.1103769763738258,1.5664028335392065e-07
Rhoj,2,2,GSE223744|GSE234052,Endothelial,12h|1d,1.104978446117446,4.730252595743628e-05
Tspan4,2,2,GSE223744|GSE225948,Endothelial,1d|Day2,1.100337673040193,2.3314304569595068e-08
Ptpn12,2,2,GSE223744|GSE234052,Endothelial,1d|24h,1.099624993727352,3.1485269278283148e-06
Arpc3,2,2,GSE223744|GSE234052,Endothelial|SMC,1d|24h,1.099380582742565,1.0804896311859536e-11
Stab1,2,2,GSE223744|GSE234052,Endothelial,1d|24h,1.0989895,1.664416285272037e-05
Hif1a,2,2,GSE223744|GSE234052,Endothelial,1d|24h,1.0979834530413686,1.4822085850361144e-10
Fkbp2,2,2,GSE223744|GSE225948,Endothelial,1d|Day2,1.0968982603069417,2.4888805691862623e-06
Hspg2,2,2,GSE223744|GSE234052,Endothelial,1d|24h,1.0952895402697522,3.7601662282012825e-06
Snrk,2,2,GSE223744|GSE234052,Endothelial,1d|1h,1.0912012583034028,0.0003134063615018
Ehd4,2,2,GSE223744|GSE234052,Endothelial,1d|24h,1.0839635329507038,5.206646922604019e-09
Psma5,2,2,GSE223744|GSE225948,Endothelial,1d|Day2,1.0813849215878892,4.8920139156101375e-05
Itm2c,2,2,GSE223744|GSE234052,Endothelial,12h|1d,1.0728516535362809,6.459313073813313e-05
Pnp,2,2,GSE223744|GSE234052,Endothelial,12h|1d,1.0628591993483243,1.3472415307403785e-12
Taldo1,2,2,GSE225948|GSE234052,Endothelial,24h|Day2,1.0564749556008184,5.728839988091254e-09
Dusp6,2,2,GSE223744|GSE234052,Endothelial,1d|24h,1.0554233,0.000162310527508
Cavin3,2,2,GSE223744|GSE234052,Endothelial,12h|1d,1.051170300775382,1.058279419161231e-07
Ybx1,2,2,GSE223744|GSE225948,Endothelial,1d|Day2,1.0509499524601382,0.0038492054606722
Impdh2,2,2,GSE223744|GSE234052,Endothelial,1d|24h,1.0505919314837795,1.0105787591186727e-06
Lrrc59,2,2,GSE223744|GSE234052,Endothelial,1d|24h,1.047543,1.3780589040187468e-05
Sumo3,2,2,GSE223744|GSE234052,Endothelial,1d|24h,1.0397601,2.187083345353134e-06
Rars,2,2,GSE223744|GSE234052,Endothelial,1d|24h,1.0370208,0.0042811704178137
Eif5,2,2,GSE223744|GSE234052,Endothelial|SMC,1d|24h,1.0366132,0.0002360260233397
Rpl36al,2,2,GSE223744|GSE234052,Endothelial|Pericyte,12h|1d,1.0363444,6.81408481733394e-05
Ckap4,2,2,GSE223744|GSE234052,Endothelial,1d|24h,1.0186941777545773,0.00043322442859
Shisa5,2,2,GSE223744|GSE234052,Endothelial,1d|24h,1.0177665687422393,4.0773998918977846e-08
Plec,2,2,GSE223744|GSE234052,Endothelial,1d|24h,1.0141316016952793,3.5576201325831057e-11
Eif2s1,2,2,GSE223744|GSE234052,Endothelial,1d|24h,1.0083197132263209,1.5575910491805892e-08
Magoh,2,2,GSE223744|GSE225948,Endothelial,1d|Day2,1.0075972412600256,0.0001317753045706
Eif6,2,2,GSE223744|GSE234052,Endothelial,1d|24h,1.0003408601238304,8.603500955997031e-08
Atp1b3,2,2,GSE223744|GSE234052,Endothelial,12h|1d,1.0000281115174374,2.063979827376901e-08
Slc25a5,2,2,GSE223744|GSE225948,Endothelial,1d|Day2,0.992494699669642,1.2303693098560844e-09
Mcfd2,2,2,GSE223744|GSE225948,Endothelial,1d|Day2,0.9828677876191612,8.999306145060159e-06
Rps3,2,2,GSE225948|GSE234052,Endothelial|Pericyte,24h|Day2,0.9727061901896652,0.0014091303719395
Prmt1,2,2,GSE223744|GSE234052,Endothelial,1d|24h,0.9680834,5.395202252044362e-06
Rrbp1,2,2,GSE223744|GSE234052,Endothelial,1d|24h,0.96745306,5.475521293244244e-21
Rangap1,2,2,GSE223744|GSE234052,Endothelial,1d|24h,0.9669519,0.0020355160883974
Slc25a3,2,2,GSE223744|GSE225948,Endothelial,1d|Day2,0.9669233448647612,0.0005476788266344
Triobp,2,2,GSE223744|GSE234052,Endothelial,1d|24h,0.955368045642708,6.778678938026902e-06
Nsmce1,2,2,GSE223744|GSE234052,Endothelial,1d|24h,0.9491479318942372,4.416874973329856e-06
Chmp4b,2,2,GSE223744|GSE234052,Endothelial,1d|24h,0.9447329708867308,0.0001653029669226
Snhg1,2,2,GSE223744|GSE234052,Endothelial,1d|24h,0.9445606,0.001854098852604
Rpl29,2,2,GSE223744|GSE225948,Endothelial,1d|Day2,0.9442489282901496,0.0003815574344827
Cct2,2,2,GSE223744|GSE234052,Endothelial,1d|24h,0.9338705472310772,1.294198187873544e-06
Adam15,2,2,GSE223744|GSE234052,Endothelial,1d|24h,0.922534855591376,1.117671511638019e-07
Rnh1,2,2,GSE223744|GSE234052,Endothelial,1d|24h,0.9173650786052204,1.608587765662529e-05
Rab5c,2,2,GSE223744|GSE234052,Endothelial,1d|24h,0.9123891937841894,1.8764113749455697e-06
Cct3,2,2,GSE223744|GSE234052,Endothelial,1d|24h,0.9111653,1.6908477894765962e-06
Canx,2,2,GSE223744|GSE225948,Endothelial,1d|Day2,0.9110963272773676,3.183251044420255e-07
Rps19,2,2,GSE225948|GSE234052,Endothelial|Pericyte,24h|Day2,0.8903600012654713,0.0256223497318326
Rpl10a,2,2,GSE223744|GSE234052,Endothelial,1d|24h,0.8862620386734109,4.370426435542995e-15
Myo1b,2,2,GSE223744|GSE234052,Endothelial,12h|1d,0.88596135,2.399050383708335e-05
Selenos,2,2,GSE223744|GSE234052,Endothelial,12h|1d,0.8857875,0.0013686446203027
Hspa9,2,2,GSE223744|GSE234052,Endothelial,12h|1d,0.8840032079446888,0.0002017570424696
Mbd2,2,2,GSE223744|GSE234052,Endothelial,12h|1d,0.8814060098568698,0.0009789387084763
Apbb2,2,2,GSE223744|GSE234052,Endothelial,12h|1d,0.8789921482064849,9.112212751629848e-05
Hsp90ab1,2,2,GSE223744|GSE234052,Endothelial|Pericyte,1d|24h,0.8785308,8.461477775993211e-40
Psmd14,2,2,GSE223744|GSE234052,Endothelial,1d|24h,0.8689992324999436,1.6491197569155463e-08
Chic2,2,2,GSE223744|GSE234052,Endothelial,12h|1d,0.85276806,7.156008471165751e-05
Rpl4,2,2,GSE223744|GSE225948,Endothelial,1d|Day2,0.8318521688026059,0.0006236446382198
Vcp,2,2,GSE223744|GSE234052,Endothelial,1d|24h,0.8296663698284946,1.259814152851403e-07
Psmd3,2,2,GSE223744|GSE234052,Endothelial,1d|24h,0.8201284511918158,1.395925287666316e-05
Rpl15,2,2,GSE223744|GSE234052,Endothelial,1d|24h,0.8093312280684161,1.2193546623704163e-32
Gpx1,2,2,GSE223744|GSE225948,Endothelial,1d|Day2,0.8063320183309943,2.4537074950650303e-05
Atp5b,2,2,GSE223744|GSE225948,Endothelial,1d|Day2,0.8018339767489417,0.0007227200578407
Rps15,2,2,GSE225948|GSE234052,Endothelial|Pericyte|SMC,24h|Day2,0.79162896,0.0157942742490317
Tmsb10,2,2,GSE223744|GSE234052,Endothelial,1d|24h,0.7823824230192914,4.29634956966092e-05
Colgalt1,2,2,GSE223744|GSE234052,Endothelial,1d|24h,0.7787042859607726,2.003611743894428e-06
Zeb1,2,2,GSE223744|GSE234052,Endothelial,12h|1d,0.7769861250084098,0.000846579329766
Rab11a,2,2,GSE223744|GSE225948,Endothelial,1d|Day2,0.7720931256862621,1.0563565491175753e-08
Gas5,2,2,GSE223744|GSE225948,Endothelial,1d|Day2,0.7648436314955881,1.5527273434304152e-05
Psmc5,2,2,GSE223744|GSE234052,Endothelial,1d|24h,0.7522488285442128,4.064812722645402e-07
Ddx54,2,2,GSE223744|GSE234052,Endothelial,1d|24h,0.7490044,0.0097166920572936
Pa2g4,2,2,GSE223744|GSE234052,Endothelial,1d|24h,0.7477700267275565,0.0003210328364394
Hnrnpdl,2,2,GSE223744|GSE234052,Endothelial,12h|1d,0.7414475893914408,0.0002961562349137
Lyar,2,2,GSE223744|GSE234052,Endothelial,1d|24h,0.7306291,0.013968713265801
Stip1,2,2,GSE223744|GSE234052,Endothelial,1d|24h,0.7190683066422144,5.1524025549214765e-05
Ncl,2,2,GSE223744|GSE234052,Endothelial,1d|24h,0.7036677643232556,9.993881907647373e-06
Rnps1,2,2,GSE223744|GSE234052,Endothelial,1d|24h,0.6683791,0.0072862723158409
Psmc3,2,2,GSE223744|GSE234052,Endothelial,1d|24h,0.6607008,1.2837975531399358e-06
Cct8,2,2,GSE223744|GSE234052,Endothelial,1d|24h,0.645653160689433,4.622009811839364e-05
Cdv3,2,2,GSE223744|GSE234052,Endothelial,1d|24h,0.6449761923508666,0.0005495877797452
Aldoa,2,2,GSE223744|GSE234052,Endothelial,12h|1d,0.6395207701139166,3.121603129733715e-05
Nav1,2,2,GSE223744|GSE234052,Endothelial,1d|24h,0.6364409,0.0061515732688388
Gspt1,2,2,GSE223744|GSE234052,Endothelial,1d|24h,0.635214,0.0223071735456979
Cct7,2,2,GSE223744|GSE234052,Endothelial,1d|24h,0.6171971,6.322188668700158e-06
Dnajb11,2,2,GSE223744|GSE234052,Endothelial,12h|1d,0.6087672411664615,0.0001829220564279
Psma4,2,2,GSE223744|GSE234052,Endothelial,1d|24h,0.608237,6.633347452098514e-05
Arhgdia,2,2,GSE223744|GSE234052,Endothelial,1d|24h,0.6073547217339124,3.840350434411418e-06
Ppp1r15a,2,2,GSE223744|GSE234052,Endothelial,1d|24h,0.5672037,0.0120252697284329
Eif3d,2,2,GSE223744|GSE234052,Endothelial,1d|24h,0.5667452,0.0051954705105591
