gene,Astrocyte__Sham,Astrocyte__Stroke,Endothelial__Sham,Endothelial__Stroke,Macrophage__Sham,Macrophage__Stroke,Microglia__Sham,Microglia__Stroke,NK_cell__Sham,NK_cell__Stroke,Neuron__Sham,Neuron__Stroke,OPC__Sham,OPC__Stroke,Oligodendrocyte__Sham,Oligodendrocyte__Stroke,Pericyte__Sham,Pericyte__Stroke,T_cell__Sham,T_cell__Stroke
Fcgr2b,0.003324583,0.026618604,0.0005700698,0.0034114404,1.000584,0.9175388,0.5296529,0.7314518,0.00034391135,0.005452868,0.0,0.008719217,0.02064547,0.061073754,0.00049842277,0.006151382,0.0018476428,0.004420769,0.0,0.0
Macrod2,0.07725973,0.07980671,0.06866271,0.053498365,0.0034913975,0.023435645,0.029003497,0.011809958,0.055319462,0.048668385,0.3229721,0.31283075,0.31266835,0.15361184,0.18911822,0.14439063,0.03581238,0.02374061,0.058244396,0.016016232
Amigo2,0.029121958,0.032929357,0.021571346,0.021134147,0.033885892,0.017912537,0.004796119,0.008043569,0.047388744,0.07852422,0.104669094,0.026099393,0.017730065,0.012290704,0.0074023474,0.013380938,0.25721118,0.24232559,0.015430082,0.009848891
Cd9,1.6493229,2.0358708,0.49109924,0.7207002,0.50636107,0.9139335,1.6965333,2.0237594,1.7018126,1.9967322,0.31124422,0.52223426,2.4076815,2.162416,2.248057,2.5583458,1.1148703,1.240124,0.4196082,0.45377782
Serping1,0.3336524,0.39763632,0.00858116,0.011556268,0.017058954,0.019595576,0.0166714,0.013695459,0.00819984,0.030905144,0.021998411,0.030222563,0.4202644,0.75829685,0.01263455,0.035105642,0.5654319,0.60538983,0.0,0.03380507
Tyrobp,0.0063823117,0.07623542,0.01403024,0.048321348,2.9745414,3.0452378,2.8659658,2.9990063,0.009501895,0.042566817,0.010336096,0.071015276,0.021078795,0.06407805,0.009480757,0.07550937,0.010696883,0.046960164,0.53102505,0.3775089
Ccl17,0.00078247767,0.0029390818,0.0007592621,0.0014600038,0.0072566844,0.030662501,0.0,0.00029903432,0.0010422973,0.0027660457,0.020817537,0.026773984,0.008790632,0.004728641,0.0,0.0006145903,0.00028008307,0.00072385103,0.0,0.0
Vcan,0.04805409,0.0353109,0.00798322,0.0096897045,0.0,0.07628893,0.022012964,0.009376626,0.0058149705,0.008347976,0.1904824,0.15107429,1.2740723,1.0771796,0.0011591844,0.0060942327,0.008774507,0.0032403865,0.0,0.008951416
Tnks2,0.34894925,0.36894497,0.3927231,0.3833256,0.22211854,0.2134591,0.27699044,0.2431169,0.24117114,0.2651698,0.32765576,0.3972736,0.40031645,0.36230144,0.5013256,0.5226821,0.31308192,0.31889805,0.3651837,0.3767234
Ccl22,0.0,0.0,0.0006214494,0.00029371388,0.0,0.036854878,0.0,0.0014311628,0.0,0.00031550054,0.0,0.00048014516,0.018097715,0.0021982212,0.003816058,0.0030740162,0.0,0.0,0.0,0.0
Socs2,0.22474425,0.18132178,0.400197,0.33561617,0.044103134,0.062266257,0.07864762,0.07362312,0.103171274,0.06825416,0.21857071,0.20977496,0.080643766,0.08059212,0.027375402,0.041550525,0.1146997,0.0866283,0.43876952,0.2226588
Ifit3,0.5780136,0.23139015,1.5016087,0.39895663,1.1314639,0.17512526,0.3801818,0.12656677,0.1185084,0.05228331,0.16229166,0.03681128,0.96756625,0.3026947,0.10785032,0.053211313,0.5970581,0.16084658,0.59804595,0.18422753
Acod1,0.0,0.0013145807,0.0,0.00024845294,0.1532712,0.22353902,0.010561802,0.011186852,0.0,0.00042715456,0.0,0.00038857132,0.0,0.0,0.0,0.001674944,0.0,9.68284e-05,0.0,0.0
Aifm2,0.09457973,0.0802021,0.03337968,0.03340006,0.023022287,0.03517908,0.0,0.0111166425,0.033881392,0.03217241,0.00761991,0.020446334,0.048341937,0.037764076,0.037377976,0.031124966,0.037870746,0.04940387,0.0,0.014304838
S100a10,1.0021366,1.2993113,0.33223364,0.36657402,0.54189986,0.79675657,0.07916154,0.13525066,0.034524206,0.06508891,0.44491595,0.5739185,0.3259808,0.55698556,0.03430662,0.119572714,0.19883907,0.17519772,2.1254199,1.963191
Hexb,0.19107015,0.2326058,0.1344788,0.15168515,0.6095409,0.7484948,3.5829728,3.3498855,0.18019779,0.2213277,0.09458846,0.14137544,0.20952947,0.23228297,0.11171064,0.15856965,0.11340433,0.1392747,0.19311273,0.111526065
Parp1,0.16344336,0.15774354,0.12602842,0.09824204,0.20325729,0.18397635,0.14052424,0.20551828,0.079743445,0.07277267,0.28489897,0.26009458,0.29808462,0.22852942,0.14103906,0.14756629,0.17643653,0.14574103,0.17331704,0.14230928
Trem2,0.0042403615,0.044368543,0.0071924464,0.025695063,0.78469485,0.94717646,2.6762578,2.6033163,0.0064290557,0.026549011,0.00579809,0.040284507,0.012981662,0.021164116,0.0054216436,0.0313913,0.0045484123,0.025987977,0.0,0.023219274
Il4ra,0.025070734,0.028270463,0.0758262,0.11724695,0.3722284,0.46496254,0.2736943,0.36486706,0.0074938545,0.01333929,0.025272783,0.043115675,0.0491095,0.060428176,0.004319575,0.0142060425,0.02022898,0.03576214,0.16460316,0.27072236
Sphk1,0.024966469,0.037942454,0.00070390163,0.0017146236,0.0,0.0009727197,0.0,0.0009194851,0.0,0.00062136643,0.011505349,0.0043785665,0.057432458,0.10723727,0.0010217329,0.0019521153,0.015512796,0.021207266,0.0,0.0
Tnc,0.025621109,0.016615314,0.0001967505,0.00036875406,0.0,0.0,0.0,0.0,0.0,0.0015584497,0.0034383791,0.010794954,0.028894024,0.042454902,0.0,0.004916006,0.0010602546,0.0072341734,0.0,0.0
Lpl,0.0102130035,0.013672425,0.0070400424,0.018351994,0.024009941,0.05422186,0.034442596,0.3773446,0.0023315076,0.0075550126,0.032974727,0.046778556,0.10503732,0.11054358,0.0035295237,0.0095314495,0.16032293,0.14836866,0.0,0.00655204
Fcgr3,0.00827783,0.019306466,0.0022146616,0.006522709,1.3348025,1.1076118,1.4670434,1.5262555,0.0012023303,0.01034048,0.0025671346,0.015045105,0.008612619,0.020189965,0.0014173957,0.016387753,0.0020670565,0.010297682,0.029841442,0.038595743
Zbp1,0.10238826,0.045211278,0.31420124,0.11787632,0.5136728,0.31157658,0.10342097,0.09226436,0.009247958,0.007249829,0.022912135,0.008961005,0.06602497,0.043571603,0.013982518,0.017606555,0.097344205,0.02038741,0.54957056,0.3652318
Nos2,0.0,0.0037256044,0.057932507,0.03909783,0.011546432,0.018886454,0.020549443,0.005290562,0.0008423132,0.0023633465,0.004572733,0.0066690426,0.01238032,0.015280359,0.0035582744,0.0032292067,0.011232252,0.0045329537,0.0,0.0
Cst3,3.1360655,3.2826374,2.3433816,2.1487608,3.7050886,3.1543574,6.1960907,5.040887,3.424243,3.6690636,1.4809247,1.6836444,2.645118,2.4072485,1.4048344,1.4146228,3.0812917,2.835473,1.0977541,1.0717115
Tnks,0.22885096,0.21500595,0.19731537,0.17973885,0.12177516,0.110506825,0.08254724,0.09533771,0.14782332,0.14674567,0.30616912,0.29595825,0.3313085,0.2383038,0.36399087,0.34412038,0.17439371,0.16712847,0.15649857,0.14502276
Tgm1,0.0017571953,0.034861848,0.0,0.0009832105,0.008093767,0.023092547,0.0,0.008871879,0.0,0.0,0.0,0.0027832075,0.0,0.00081570697,0.0,0.0010794974,0.0,0.00032429368,0.0,0.0025044011
Pros1,0.16649717,0.3591955,0.34570915,0.38548937,0.1703804,0.15168583,0.41591242,0.48545548,0.011731864,0.039832097,0.02851274,0.0798833,0.1545514,0.39735055,0.025419336,0.06984282,0.2103329,0.2791567,0.03940898,0.040646765
Ccl3,0.0,0.020331882,0.0021950274,0.012102829,0.5804099,0.6725047,0.8956252,1.4165503,0.0024547759,0.022760224,0.0076881815,0.019190408,0.018457584,0.015420263,0.00096713763,0.01954408,0.011571676,0.025803884,0.62537587,0.40242773
Socs3,0.31830883,0.39823648,0.33885613,0.3997599,0.45473063,0.49877056,1.1912538,0.94639355,0.123454295,0.11149113,0.14044073,0.15812504,0.8878058,0.58448476,0.15369244,0.31043392,1.0587858,0.85910803,0.29264584,0.47851193
H2-Ab1,0.1038054,0.07953499,0.007233963,0.017721195,0.7459529,0.8897085,0.10665032,0.0524237,0.0009530597,0.0052225445,0.0012589984,0.0026252978,0.014273457,0.0039317994,0.0038356672,0.012791794,0.0066878092,0.010986158,0.0,0.01777876
Mertk,0.1987979,0.2444115,0.17622204,0.16980828,0.21601583,0.19985655,0.758653,0.5370185,0.034674175,0.047526833,0.011136024,0.020335507,0.11965914,0.134659,0.016640835,0.032066293,0.30200025,0.32836005,0.015430082,0.023242792
Lgals3,0.3344002,0.5492319,0.008921744,0.016042482,0.72196597,1.4094787,0.016798422,0.41181555,0.3933077,0.33504915,0.004366337,0.032186303,0.010931654,0.03948738,0.0064377934,0.03715352,0.07676939,0.12601294,0.23718439,0.39894265
Saa3,0.0,0.0047552967,0.0008230101,0.0023604815,0.0,0.2658893,0.0,0.06422816,0.00023441711,0.0009930733,0.0039044344,0.0024776526,0.0,0.013279614,0.0007088154,0.010572811,0.0027469029,0.003110972,0.0,0.0
Thbs1,0.11939683,0.18043447,0.004998408,0.008968324,0.14661327,0.45172033,0.022244059,0.041547082,0.08268271,0.102013424,0.008920471,0.0118919965,0.081467256,0.12743105,0.0032136878,0.030986683,0.13710295,0.16156037,0.0,0.0034876738
Myd88,0.049854692,0.076393224,0.08538889,0.06927822,0.22715703,0.200845,0.14437674,0.15633385,0.03273903,0.02921718,0.01598054,0.036776207,0.042818133,0.049844544,0.02140786,0.02886445,0.2626467,0.18046974,0.11331281,0.08772335
Tnfrsf1a,0.33134812,0.31999472,0.34865406,0.36554286,0.6076898,0.5752491,0.33483604,0.36299396,0.21461585,0.21445554,0.044395495,0.09351721,0.49248573,0.52096766,0.026252711,0.084123954,0.41938344,0.41588846,0.120704986,0.20408627
Fn1,0.7737479,0.81999534,1.6083412,1.984312,0.17020895,0.5145716,0.18550901,0.40804052,0.05154765,0.17690066,0.18581721,0.34410724,0.14336115,0.42334855,0.09995714,0.27388486,0.38560218,0.367344,0.1498087,0.22576363
Cxcl9,0.0,0.0011760094,0.0013733017,0.00072891935,0.04692237,0.018182168,0.0,0.001228021,0.0,0.0,0.0,0.00028339002,0.0,0.0006921325,0.0,0.0007267461,0.00043278618,0.0,0.0,0.0
Tlr4,0.017972136,0.035196215,0.010502443,0.02121258,0.044845834,0.06800359,0.05601422,0.0746016,0.0065495432,0.0047741323,0.0,0.006404432,0.0,0.008295566,0.00011191719,0.0043878723,0.015681213,0.029368717,0.0,0.00429678
Cd109,0.268012,0.4091343,0.00096121465,0.0019492614,0.0,0.0018739407,0.0,0.0028630304,0.0011584983,0.0028461944,0.0062625105,0.011919454,0.0,0.016166968,0.0,0.0036404922,0.0037998662,0.008861877,0.0,0.0
Stat6,0.10516196,0.08725842,0.171608,0.15735172,0.279243,0.25810453,0.17147316,0.17007664,0.059193388,0.06398424,0.01715538,0.042572543,0.03351446,0.11992863,0.013145856,0.026331414,0.2530203,0.25032187,0.19115154,0.1986695
Nfkbia,0.60256284,0.63455343,1.9643227,1.9450332,1.8004727,1.8319944,1.7882923,1.6419512,0.40298095,0.4873941,0.3803051,0.46060833,0.532729,0.61486673,0.5874397,0.7757967,1.2371128,1.0831237,1.9458876,1.8633336
Msr1,0.0,0.0015041956,0.0,0.0012507918,0.17267245,0.28201938,0.012807864,0.19282098,0.00037187675,0.003741912,0.0,0.0037367265,0.0,0.0010716951,0.0,0.002410687,0.0,0.0012152755,0.0,0.0
Ftl1,1.8736993,2.1675012,2.016468,1.8885193,3.5538237,3.9736981,2.5611923,3.5395877,2.1581206,2.1067955,1.4875448,1.8857764,2.1937313,2.2547555,2.338581,2.2702947,1.8595849,1.7410233,2.0101235,1.9444357
Mgl2,0.0,0.0,0.0,0.000103994535,0.5463638,0.20987263,0.0032862616,0.0018130739,0.0004001904,0.00042852966,0.009081305,0.0071904813,0.0,0.0,0.0006384977,0.00024471857,0.0,0.0,0.0,0.0
Il6,0.0012071907,0.0026374126,4.5780165e-05,0.000411613,0.0,0.008997472,0.03216632,0.013575655,0.0,0.0,0.0026425729,0.0003734811,0.0038459124,0.006224213,0.00038019053,0.0009389259,0.0067594857,0.017627936,0.0,0.0
Ccl24,0.0,0.00080501044,0.00017540721,0.00056661793,0.716767,0.34551734,0.01849896,0.028013054,0.0,0.00064108876,0.0,0.0019490327,0.014975037,0.0,0.0,0.0037549194,0.00040782074,0.00051958853,0.0,0.0
Csf1,0.19034916,0.18864417,0.25656927,0.18806837,0.059689175,0.11869275,0.3112596,0.36846304,0.038078867,0.046666134,0.059012238,0.06655337,0.21542634,0.2618218,0.28572428,0.34649327,0.11532026,0.07415681,0.04661602,0.04827526
Olr1,0.0,0.0,0.0,2.7089962e-05,0.0,0.01706151,0.0041077463,0.0044345357,0.0,7.994497e-05,0.0,0.0009410046,0.0,0.0,0.0,0.00016814415,0.0,0.00018302294,0.0,0.0
Ctsd,1.3168641,1.4047904,0.7849379,0.85580224,1.359688,2.0165668,3.2720737,3.9346235,2.1801229,2.315538,0.62151414,0.7447814,0.9347353,1.0294797,0.78570014,0.87580585,0.6651653,0.7201129,0.99412453,0.99052626
Sparc,1.912358,1.9047254,2.557438,1.9416108,0.37724683,0.30584252,3.1351671,2.1192508,1.291093,1.1144001,0.3648516,0.5562862,1.1861893,1.3666131,0.3842101,0.68738925,2.4035554,2.0550966,0.23674563,0.312513
Clcf1,0.029937955,0.035703965,0.0034077785,0.003953608,0.022409674,0.035191037,0.095760524,0.06743536,0.00051294605,0.002249688,0.0009970209,0.0024756163,0.0047523193,0.007987772,0.00068737555,0.0021624037,0.010467663,0.011855546,0.10265185,0.10498738
Nudt16,0.08905451,0.09039123,0.066799864,0.058963615,0.13857603,0.08962735,0.044659223,0.048001595,0.08642026,0.060291886,0.104283206,0.081951275,0.11199306,0.08120179,0.12915964,0.10201519,0.09253186,0.07360385,0.0649386,0.11552048
Gapdh,1.7802656,1.9960403,1.085469,1.1571383,1.4319285,1.9168332,1.1728415,2.0896251,2.4999495,2.4544213,1.6505712,2.2873192,1.67538,1.5955478,1.9979936,2.0473883,1.7227786,1.7525728,1.7674756,1.8045663
C3,0.12633456,0.20136805,0.0016668149,0.0013617121,0.10863257,0.1929576,0.0,0.012384953,0.0,0.0027076772,0.0047516576,0.003957556,0.009566256,0.02402905,0.0,0.0016239733,0.00081198127,0.0009009717,0.0,0.007535405
Ptgs2,0.0131487325,0.035819154,0.107549295,0.21675263,0.127657,0.17007804,0.05987617,0.10701999,0.00261711,0.018287946,0.01616118,0.088420875,0.06151041,0.17793559,0.0048319027,0.047309525,0.036570027,0.04998404,0.025590975,0.15053912
Cd163,0.0053782,0.00054212974,0.00021176641,0.00056544226,0.5019014,0.31884053,0.0095997425,0.0037601674,0.0,0.00012982382,0.0,0.002563319,0.0,0.0,0.0,0.00295214,0.0062335487,0.0034427235,0.0,0.0
Lcn2,0.009089997,0.17697947,0.0722506,0.39034882,0.40049604,0.85302263,0.007943127,0.07985845,0.0014356977,0.06619122,0.0,0.118048675,0.0071709,0.17675795,0.0045347237,0.18124962,0.014813236,0.06437614,0.0,0.17725967
Pfkl,0.34209347,0.33743283,0.3251003,0.35780668,0.12914062,0.15801707,0.23307379,0.26555803,0.3588581,0.35170454,0.380852,0.47194618,0.18226501,0.15349664,0.13742697,0.1361877,0.32013467,0.31888208,0.16293684,0.13860336
Iigp1,0.110075034,0.06560245,0.6785105,0.39298245,0.09515963,0.05638518,0.13935694,0.048836403,0.032295566,0.024217898,0.07105265,0.030874556,0.048235968,0.058706693,0.036791902,0.05451588,0.22690073,0.11207677,0.038603704,0.10735327
Hmox1,0.07173235,0.17776366,0.061992656,0.06823587,0.5730614,0.97033817,0.22182944,0.55112785,0.13370334,0.09109522,0.024568751,0.06623258,0.18654683,0.20639604,0.055280454,0.07869826,0.026466016,0.037658717,0.024348175,0.04868293
Parp2,0.1543559,0.1233907,0.15746114,0.11898948,0.17948362,0.13091461,0.11174584,0.13478918,0.0855261,0.057407048,0.19781111,0.14568797,0.19271684,0.12369997,0.08059972,0.073023126,0.16174062,0.12502143,0.162448,0.11982533
Fkbp5,0.18045579,0.31029478,0.011693881,0.05882981,0.08097938,0.19485365,0.082422234,0.17184657,0.009682744,0.029695692,0.045895673,0.14667825,0.072609454,0.17483127,0.01816103,0.15592568,0.014342074,0.04685668,0.08749578,0.0914656
Itgax,0.0,0.00044337029,0.0,0.0003817604,0.024898762,0.084223576,0.0,0.035553146,0.0,0.00015326704,0.0,0.0006100877,0.0,0.0,0.0,0.00036420164,0.0,0.00019633073,0.050496567,0.04872359
Oasl2,0.46699807,0.1787963,1.0437037,0.38411954,0.8975378,0.3282897,0.21004154,0.07700571,0.037282337,0.023793787,0.084746934,0.043641683,0.21204562,0.09884209,0.059083004,0.046329994,0.34821862,0.097115114,0.08727267,0.07817708
Mif,1.0599202,1.1911714,0.5068237,0.5964695,0.6282645,0.85389376,0.46793938,1.0605234,1.4924549,1.8714051,0.89599353,1.3258014,1.3753651,1.1782142,1.4615269,1.4059275,0.83813214,0.84492415,1.1236515,1.0751309
Aifm1,0.16542321,0.17318262,0.13983774,0.09041875,0.08938123,0.070502296,0.13504735,0.08997682,0.52807355,0.41672936,0.20908098,0.14618169,0.17251961,0.1250183,0.15461588,0.13908815,0.13380778,0.10363466,0.11896577,0.09521077
Ccl2,0.0026066287,0.034929544,0.0014264701,0.00821777,0.9962216,0.79243916,0.28144655,0.78873146,0.00075349124,0.020412544,0.004286029,0.017690789,0.06395693,0.24218339,0.0028829547,0.022684623,0.009690741,0.031564645,0.0,0.0
Mx1,0.018877763,0.009429531,0.029164406,0.006182742,0.15981573,0.054002937,0.067336135,0.03500113,0.002068014,0.0017128281,0.01598181,0.00037299545,0.0,0.0011414881,0.002017977,0.0015417122,0.010631035,0.0017927411,0.10456124,0.090479404
Gas6,0.8704921,0.9415263,0.74275017,0.60702413,1.0435631,0.60272795,0.4037114,0.70431733,1.7798824,1.5113717,0.33822703,0.32913217,0.38782588,0.30233386,0.0889695,0.17384376,0.54406136,0.39001074,0.10092302,0.07495029
Fth1,3.3577075,3.8078341,2.8565586,3.2539148,4.1963987,4.6071625,3.494786,4.1946197,3.7811196,3.7091053,2.556477,3.0884888,2.657855,3.1631374,5.3197355,5.5779486,3.4850795,3.512854,3.348156,3.259899
Axl,0.09754176,0.14699215,0.010303051,0.0067900317,0.11083346,0.13460736,0.01816073,0.076330215,0.037142586,0.039144,0.028145019,0.018070975,0.17769979,0.24942501,0.011922315,0.031989362,0.56163615,0.6540771,0.049067065,0.037989743
B3gnt5,0.005064073,0.0045332257,0.0007774592,0.00050449115,0.066760056,0.14096719,0.0,0.0020768924,0.0,0.00056605926,0.088295,0.07653076,0.07007709,0.043321166,0.002363041,0.0036941313,0.014587213,0.0150927715,0.0283495,0.03441965
Gpr34,0.0,0.005162483,0.0045937956,0.008250295,0.1930538,0.14286916,1.5307442,1.4073269,0.0021946817,0.008645042,0.002541368,0.009823061,0.004208601,0.010543618,0.0019559911,0.008888518,0.004517369,0.01101505,0.015430082,0.059156254
Spp1,0.2509024,0.38217983,0.0027336488,0.026746813,0.061172895,0.7536787,0.017621553,0.6499598,0.0005818741,0.029929493,0.0074322564,0.05927765,0.52108455,1.0286016,0.00247289,0.065133594,0.05868161,0.28891963,0.0,0.031180168
Ggta1,0.07095447,0.09275181,0.09660403,0.09985613,0.11834393,0.12572354,0.10032322,0.11034663,0.0023100805,0.008554981,0.0064281393,0.021269271,0.021406494,0.030070346,0.006749261,0.017509205,0.16810845,0.18052307,0.0,0.06245683
Pfkm,0.32817638,0.27543452,0.074713565,0.05871048,0.028656455,0.021506632,0.016438056,0.019999733,0.24882717,0.22116913,0.3354176,0.4013142,0.23504616,0.14738393,0.020656802,0.03482881,0.08003287,0.07878867,0.011420721,0.007313408
Tgfb1,0.10000129,0.12766127,0.44884738,0.39191103,0.91280425,0.65632683,0.914796,0.91421115,0.021801874,0.0476598,0.04761178,0.102811895,0.112995334,0.16575044,0.045312725,0.07528075,0.34625357,0.34615928,0.64366364,0.48104456
P2ry12,0.002189598,0.020105558,0.003707664,0.005350294,0.22439717,0.11304271,2.0873084,1.1182117,0.0017947042,0.013339444,0.0029046102,0.008302163,0.009937382,0.009399288,0.0047490234,0.009243474,0.0062474003,0.007468782,0.0,0.016701559
H2-Aa,0.08520105,0.080388635,0.0058425143,0.010735443,0.6945719,0.8752345,0.026873926,0.011368219,0.00033923003,0.0032223393,0.0068553197,0.0016680001,0.0,0.00170396,0.0010629672,0.010321709,9.6552314e-05,0.003429825,0.0,0.0012501108
Cd80,0.010072257,0.031137576,0.00016038312,0.0003539261,0.049841575,0.10992687,0.055553854,0.034975145,0.00032524407,0.0009955704,0.0,0.00040152032,0.0,0.00085018505,0.0,0.0023227818,0.01634761,0.028976206,0.0,0.0
Ccl4,0.008229451,0.053847637,0.0026612927,0.030123126,0.40321022,0.64069253,1.1128123,1.8637856,0.0016175121,0.04265375,0.006638245,0.054238155,0.0,0.04818902,0.0021911287,0.051304482,0.0030577697,0.03168172,1.6816101,0.99561006
Ldha,0.6560368,0.86095273,1.024744,1.2415274,0.68843734,1.0212214,0.4738099,0.92235917,1.1770952,1.2437915,0.7264611,0.9880998,0.8987357,0.78396475,0.2433964,0.43319413,1.0286536,1.035146,1.3571362,1.1494606
Il12b,0.0,0.00084861374,0.0,8.4491556e-05,0.012147348,0.016708657,0.01908704,0.059638366,0.0,0.0003954641,0.0,0.0,0.0,0.0,0.0,0.0,0.0,0.0,0.0,0.0
Anxa1,0.5930757,0.7618004,0.070988655,0.06124384,0.41288462,0.6756223,0.008079729,0.011994793,0.0055956594,0.01216043,0.006462702,0.038991638,0.03687925,0.149927,0.008698564,0.042158984,0.27756628,0.2925213,0.2330264,0.17239064
Psmb8,0.17249995,0.16252063,1.1306335,0.73957115,1.4755232,1.15262,0.6828545,0.84191185,0.06837592,0.06861724,0.121850684,0.12980977,0.32740772,0.24046688,0.07422246,0.12040416,0.411456,0.18686499,1.958845,1.6906261
Serpina3n,0.037855137,0.3448166,0.00054555404,0.030377917,0.0,0.041720685,0.0,0.020403508,0.0,0.021814788,0.014378234,0.12290656,0.09324139,0.4762096,0.01158704,0.4132992,0.0013483288,0.0066019986,0.0,0.018348068
Olfml3,0.056496236,0.124789365,0.0032279335,0.010906248,0.06702265,0.11907519,1.7860122,1.7095965,0.0072178943,0.023794213,0.015996443,0.031128662,0.39351124,0.579662,0.0045865225,0.016832951,0.04248856,0.043595433,0.0,0.002401394
Pkm,1.3334916,1.4394745,1.1162992,1.1225965,0.8941955,1.3493491,0.7548281,1.2261485,1.9010174,1.710985,1.3190774,1.7839254,1.2204987,1.0720692,0.8638644,0.8868074,1.3002391,1.2238443,0.74881965,1.039827
Tm4sf1,1.069638,1.3098702,1.7054098,1.6841977,0.18811315,0.21660064,0.26470807,0.2557723,0.3258101,0.31995532,0.22844577,0.3986867,0.31242546,0.56450486,0.14935203,0.31917232,1.7131013,1.5576667,0.2028287,0.3490938
Tlr2,0.006575104,0.005452296,0.013939242,0.013818941,0.27625877,0.42006025,0.32315883,0.5216719,0.04065931,0.034072556,0.004098991,0.004400509,0.0025366538,0.011507938,0.00112856,0.0065668426,0.0032204925,0.0045690634,0.0,0.006865701
Anxa2,1.2364726,1.4311526,0.7706248,0.91048336,0.65567595,1.1176298,0.102679126,0.274427,0.046241492,0.1207653,0.08372049,0.2867936,0.35719103,0.6028289,0.07302807,0.19769998,0.6697755,0.7007163,0.6877234,0.8357902
Cxcl1,0.018249143,0.024875026,0.11071106,0.11830596,0.20693965,0.27650872,0.023033217,0.061537754,0.016239993,0.05059929,0.004975548,0.066849455,0.11954554,0.2423349,0.010420019,0.038259003,0.13593645,0.13231494,0.06605038,0.050517
Mrc1,0.0,0.0034376958,0.0002989752,0.0016450791,1.24511,0.7958305,0.024118446,0.088222936,0.0010130749,0.0031898136,0.0,0.004589938,0.010538081,0.0,0.0006335447,0.0066521675,0.0065136063,0.009056446,0.0,0.0
Cd44,0.05590979,0.0867189,0.00085700885,0.0011947273,0.31549203,0.51312417,0.005249105,0.04515358,0.0,0.003025237,0.0042478354,0.017943565,0.011873734,0.03471187,0.0019533013,0.012008458,0.01033062,0.017309275,0.21976079,0.3634834
Tgfb2,0.29835156,0.25986353,0.6966417,0.56988245,0.07548764,0.053418152,0.1078406,0.078961775,0.9502327,0.83297986,0.091604955,0.100578286,0.12425464,0.1368054,0.061982963,0.09379865,0.5306262,0.419139,0.096929856,0.07768049
Il10,0.0,0.0,0.00028984935,2.1289496e-05,0.10685325,0.057761714,0.0,0.007258803,0.00026363894,0.00031451823,0.0,0.00020216926,0.0,0.0,0.0,0.0,0.0,0.0,0.0,0.013311856
Cybb,0.0,0.002100264,0.0014017615,0.0011262365,1.0409708,0.9033391,0.011975428,0.112236634,0.0,0.003084944,0.0,0.0039640726,0.0054577854,0.0038397426,0.0010817108,0.0037601348,0.0,0.0021509507,0.0,0.0032281785
Macrod1,0.37245515,0.40535218,0.0474519,0.036532804,0.07916911,0.049955316,0.047534574,0.040366758,0.36109006,0.405899,0.13018568,0.07576982,0.06948839,0.056676667,0.3366678,0.31511998,0.08598508,0.077787295,0.16436416,0.050657075
Emp1,0.1072156,0.16878931,0.05969811,0.120866045,0.016257701,0.14124805,0.019486016,0.022232808,0.0014951504,0.0095932195,0.0039212974,0.04717007,0.14179723,0.19288185,0.0033264596,0.017227508,0.032570325,0.031660996,0.0,0.073248714
Hif1a,0.32421303,0.33254957,0.39317492,0.49309728,0.5107709,0.6402633,0.3810748,0.6100507,0.52715975,0.5516438,0.4660058,0.48968092,0.5493932,0.6247575,0.3875607,0.43549928,0.5288108,0.519775,0.41303733,0.7403201
Cxcl2,0.0,0.018381564,0.05333742,0.06862148,1.3189675,1.9802814,0.23289993,0.593389,0.0061996556,0.02933011,0.004219253,0.05984853,0.0078090946,0.07245903,0.004252202,0.043708537,0.025103137,0.031869575,0.0,0.13245152
Pparg,0.0017513173,0.0017674399,0.0032233526,0.0032241303,0.082970195,0.03558195,0.0,0.0009084053,0.011914312,0.0102734035,0.035971463,0.010825642,0.0,0.0054696924,0.00032154753,0.0004474448,0.003813026,0.0017842517,0.06373656,0.004709263
Socs1,0.073324285,0.07197797,0.08780054,0.044440813,0.10563532,0.045965247,0.0465337,0.026362691,0.05410344,0.031148804,0.038253184,0.01758987,0.1552259,0.07261012,0.012060359,0.013601469,0.08270497,0.041373637,0.5651751,0.46234593
H2-T23,0.5672883,0.43767408,1.5229598,1.1036086,1.5253575,0.96299356,0.98765075,0.68530315,0.29125535,0.2729612,0.19664636,0.2037706,0.5219556,0.4035136,0.11135879,0.16915241,0.46095178,0.24203426,1.4332882,1.3346177
Srgn,0.24433373,0.32011962,1.6179345,1.6052896,1.9594815,2.3849187,0.8641683,1.2823803,0.060089704,0.13076274,0.1319646,0.25814062,0.18476662,0.29477856,0.09919663,0.21669298,0.40205494,0.25560775,2.269537,2.4058158
Gbp2,0.2156969,0.21905254,0.5246229,0.38184628,0.17432535,0.17700347,0.081751466,0.07386858,0.010085115,0.025570726,0.025692238,0.046518054,0.06872598,0.08387282,0.024911383,0.063203976,0.15399104,0.11585728,0.046492327,0.17787607
Cd14,0.01815403,0.043823842,0.02100709,0.094605625,1.2754894,1.315919,0.9377705,1.073462,0.001065786,0.019343214,0.0,0.049931094,0.014719994,0.03422475,0.0019614086,0.041244134,0.026811823,0.028633857,0.0,0.10290384
Irf4,0.0,0.0,0.0014569324,0.0006393322,0.05479536,0.035789605,0.010695659,0.006375753,0.0,0.0,0.0011497058,0.000515118,0.0,0.0,0.0,8.962773e-05,0.0,0.00020061311,0.06579729,0.08318232
Gpnmb,0.0,0.013612719,0.00013019308,0.0012536893,0.0,0.23004584,0.0,0.051135216,0.009222292,0.021402178,0.0008058038,0.0062535745,0.009469904,0.107486695,0.00025660312,0.0026306189,0.0,0.0015225646,0.0,0.0056322543
Tnf,0.0,0.015429087,0.0066857124,0.01369634,0.13290334,0.31045014,0.49992415,0.81992435,0.0022466597,0.01197913,0.00072667276,0.011421987,0.0,0.027205251,0.0009010706,0.0064053754,0.0038967736,0.0063740695,0.31975698,0.4229057
Cdkn1a,0.4701897,0.46785927,0.9222873,0.8322712,0.6131137,0.80831164,0.5378581,0.69856155,0.29417863,0.19538854,0.32663384,0.2790803,0.2057522,0.20710368,0.10477716,0.5363,0.82022715,0.63553095,0.21041398,0.42910486
Trp53,0.14955033,0.1701098,0.23812957,0.20525034,0.19193095,0.19032885,0.24446075,0.17909242,0.07782021,0.087080605,0.19316171,0.24337189,0.30234802,0.23395626,0.10629757,0.11571777,0.19802411,0.19154954,0.4166237,0.38846448
Gfap,0.2550953,0.7085513,0.006781983,0.027190147,0.0072566844,0.031475056,0.0,0.059449036,0.0032915804,0.013389175,0.012383306,0.040033028,0.019894714,0.05768289,0.024641534,0.0781675,0.0035657191,0.0234916,0.0,0.025876785
Parg,0.16529208,0.14280137,0.18323055,0.13090517,0.18737115,0.09091943,0.11018443,0.08063694,0.1467702,0.12019006,0.22541675,0.19239034,0.15589075,0.16423534,0.17117807,0.15377957,0.14015476,0.13764364,0.16199434,0.15657237
Osmr,0.02880233,0.11251802,0.31059623,0.52432394,0.04934696,0.0483769,0.038835183,0.06457944,0.009220346,0.040367905,0.029434064,0.0764556,0.03757567,0.17431866,0.021777272,0.06671118,0.26362288,0.3851136,0.014565865,0.088986926
Ccl5,0.0057407576,0.009519667,0.0054027913,0.007614055,0.08639763,0.08027878,0.057259556,0.05461102,0.006380798,0.011180396,0.0,0.0007788852,0.008490333,0.024846056,0.0015125893,0.011666961,0.0029116138,0.0062996536,3.2321153,2.5532107
Vim,1.6515592,2.1521292,2.086361,1.9540659,1.0422618,1.4802793,0.3110162,0.6127268,0.4179202,0.57218295,0.46082804,0.701277,0.71931505,0.9550858,0.24961805,0.48803905,2.481692,2.3766758,1.8533121,1.4747325
Fcgr4,0.0,0.00053624227,0.00036482335,0.00040688625,0.2112581,0.35337356,0.025278155,0.23386689,0.0,0.0016439128,0.0,0.0014326461,0.0025366538,0.0,0.0,0.001218075,0.0002924001,0.000475594,0.0,0.0
Apoe,3.7823777,3.7751577,1.9543545,2.1987367,4.1161547,3.4682975,1.2542375,2.925042,3.2551334,3.8282907,0.6266387,0.8316852,3.4473279,3.3054116,2.4354196,2.816711,0.95464313,0.974864,0.5556524,0.5729103
Cx3cr1,0.009786009,0.014073561,0.003548117,0.015596708,0.31277582,0.3372969,2.2145765,1.9368113,0.0052677128,0.020622887,0.0,0.017986953,0.014245342,0.032806244,0.0041913767,0.019220654,0.0060149813,0.013942114,0.09811956,0.051292315
Klf4,0.51098716,0.481932,1.5066792,1.2037635,0.64728475,0.5532217,0.6778092,0.44945502,0.12220244,0.1602619,0.19138083,0.15072685,0.4754062,0.38855064,0.24609227,0.3136889,0.93563914,0.76382893,0.26088348,0.31246507
Siglech,0.0025093567,0.004785169,0.0024690272,0.00458299,0.13243565,0.06089944,1.4039618,0.9352463,0.0025138408,0.007275058,0.006345999,0.006657128,0.0037899232,0.0017256484,0.0016833636,0.00497085,0.0,0.004113982,0.0,0.0
Hk2,0.053544253,0.0313112,0.0033135992,0.0019469188,0.28277242,0.18994452,0.777615,0.4887051,0.0061920388,0.0073448634,0.013054503,0.012092726,0.113427624,0.06299127,0.018675296,0.0209435,0.018675689,0.014221406,0.22627042,0.09448046
Tmem119,0.07924792,0.12879181,0.0035128053,0.006089437,0.026760787,0.06532346,1.8674662,1.217366,0.0019028124,0.008624,0.0036163777,0.010062073,0.09757744,0.14687759,0.0026496875,0.0094060665,0.009641768,0.009550968,0.0,0.0
Cst7,0.0,0.001279005,0.0,0.0017449568,0.0017796322,0.013952392,0.02258245,0.27883303,0.0,0.0032591028,0.0,0.0005859208,0.0,0.0034547623,0.0,0.0017348323,0.0,0.0018644743,0.12036564,0.26177922
Il23a,0.0032790168,0.0030455943,0.0046042996,0.0019138915,0.0,0.016115602,0.01098657,0.0061986316,0.004157006,0.003315657,0.0039832136,0.0021531035,0.0,0.0073996675,0.0046984106,0.0046057547,0.0030051905,0.0015487522,0.0,0.0
Thbs4,0.017557487,0.014073851,0.00013665571,0.00022093818,0.0,0.0018232206,0.0,0.0,0.0032600542,0.0010788433,0.002082297,0.0010413962,0.0,0.0,0.0008538337,0.0005817906,0.0,0.00042834246,0.0,0.0
Il1b,0.0,0.012957908,0.0007040277,0.0050925706,0.51879126,1.4247035,0.18676397,0.4788031,0.00034745358,0.007833966,0.0,0.008828273,0.0,0.013930769,0.0013427766,0.014411978,0.00065539265,0.0062554805,0.0,0.0
Cxcl10,0.020149654,0.03508752,0.03824279,0.018697953,0.0916511,0.09508365,0.1989888,0.38307098,0.0024895219,0.013907294,0.002733448,0.022238478,0.04150308,0.025334079,0.0025915059,0.005966744,0.017567286,0.009733729,0.060396787,0.16340946
Ptx3,0.009571209,0.014138064,0.0001791193,0.0,0.0,0.0,0.0,0.00095211243,0.006571052,0.0011879221,0.002969593,0.007464097,0.0,0.0047348905,0.0,0.00040262373,0.0018597589,0.0038525178,0.0,0.0
Stat3,0.24712782,0.35002187,0.34704894,0.4153981,0.28483674,0.4739147,0.2965585,0.3145302,0.10878678,0.13778792,0.14412844,0.1777303,0.2628872,0.32894924,0.18953232,0.2602402,0.39633062,0.4004987,0.35347593,0.387516
Cd86,0.0,0.001982097,0.0,0.0012660287,0.5119573,0.32977983,0.60457283,0.49499428,0.00034391135,0.002600972,0.0,0.004230371,0.004208601,0.0015382636,0.00095308566,0.0018079247,0.0,0.0017463674,0.07921621,0.06367663
Usp18,0.11123157,0.04810354,0.5593629,0.17582795,0.31581,0.06826941,0.18958884,0.052695863,0.1329994,0.051294256,0.094158724,0.02219974,0.3137527,0.07032589,0.033615313,0.022502875,0.17365389,0.040029656,0.19430894,0.10762957
Ctsl,1.08616,1.2018919,0.86057127,0.764018,0.9490408,1.1527237,1.9054717,2.7159843,1.5150746,1.5948495,0.47607607,0.6017161,1.6901399,1.6006801,0.8793713,0.9496858,0.8856808,0.7941331,0.14143898,0.1608262
Arg1,0.0,0.000816268,0.0,0.0002172542,0.0,0.17515488,0.0,0.012385901,0.0,0.0,0.0040169726,0.0029987309,0.004628133,0.002473497,0.0,0.0005616794,0.0,0.00038235806,0.09667536,0.01645912
