"dataset","cell_type","pathway","n_core_genes","mean_stroke","mean_ctrl","delta","delta_z","first_auth","journal_tier","weight","time_bin","days_post","assay","species"
"GSE174574","Astrocyte","Apoptosis",9,2.47391349585224,2.63398401517864,-0.160070519326401,-1.49797838449894,"Zheng K",2,0.127921628199281,"Acute",1,"scRNA","Mouse"
"GSE174574","Astrocyte","Ferroptosis",10,4.04532886753784,3.44748120786024,0.597847659677603,-0.150124779635509,"Zheng K",2,0.127921628199281,"Acute",1,"scRNA","Mouse"
"GSE174574","Astrocyte","Necroptosis",8,3.44465559101828,2.55565024461988,0.889005346398407,-0.372192291724004,"Zheng K",2,0.127921628199281,"Acute",1,"scRNA","Mouse"
"GSE174574","Endothelial","Apoptosis",9,1.30286564235539,0.880052760354312,0.42281288200108,0.8941096765838,"Zheng K",2,0.127921628199281,"Acute",1,"scRNA","Mouse"
"GSE174574","Endothelial","Ferroptosis",10,6.21102842094076,5.80893184335548,0.402096577585282,-0.387812860722859,"Zheng K",2,0.127921628199281,"Acute",1,"scRNA","Mouse"
"GSE174574","Endothelial","Necroptosis",8,8.58516828923704,7.79706431609277,0.788103973144269,-0.497794020346792,"Zheng K",2,0.127921628199281,"Acute",1,"scRNA","Mouse"
"GSE174574","Fibroblast","Apoptosis",9,2.51302787758813,2.07001740944123,0.443010468146903,0.976998303317858,"Zheng K",2,0.127921628199281,"Acute",1,"scRNA","Mouse"
"GSE174574","Fibroblast","Ferroptosis",10,6.91309344734032,6.97031889746677,-0.057225450126448,-0.94553836701897,"Zheng K",2,0.127921628199281,"Acute",1,"scRNA","Mouse"
"GSE174574","Fibroblast","Necroptosis",8,8.96964242928667,7.99159636415392,0.978046065132751,-0.26135467048885,"Zheng K",2,0.127921628199281,"Acute",1,"scRNA","Mouse"
"GSE174574","Macrophage","Apoptosis",9,1.58750558422631,1.02679523850682,0.56071034571949,1.46002539122442,"Zheng K",2,0.127921628199281,"Acute",1,"scRNA","Mouse"
"GSE174574","Macrophage","Ferroptosis",10,7.68905874476219,6.56793921448406,1.12111953027813,0.485250951014948,"Zheng K",2,0.127921628199281,"Acute",1,"scRNA","Mouse"
"GSE174574","Macrophage","Necroptosis",8,6.35001042815514,4.67975286294396,1.67025756521118,0.600308141209885,"Zheng K",2,0.127921628199281,"Acute",1,"scRNA","Mouse"
"GSE174574","Microglia","Apoptosis",9,1.12750200287566,1.06967602983714,0.0578259730385202,-0.603755634715926,"Zheng K",2,0.127921628199281,"Acute",1,"scRNA","Mouse"
"GSE174574","Microglia","Ferroptosis",10,8.12241383631858,5.86285121766775,2.25956261865083,1.86758994097182,"Zheng K",2,0.127921628199281,"Acute",1,"scRNA","Mouse"
"GSE174574","Microglia","Necroptosis",8,3.08501153967073,2.35119824640151,0.733813293269218,-0.565374896805608,"Zheng K",2,0.127921628199281,"Acute",1,"scRNA","Mouse"
"GSE174574","Oligodendrocyte","Apoptosis",9,1.21310992460004,1.11502793114791,0.0980819934521244,-0.438549444938044,"Zheng K",2,0.127921628199281,"Acute",1,"scRNA","Mouse"
"GSE174574","Oligodendrocyte","Ferroptosis",10,5.07942083450189,5.43259747471941,-0.35317664021751,-1.30489306236153,"Zheng K",2,0.127921628199281,"Acute",1,"scRNA","Mouse"
"GSE174574","Oligodendrocyte","Necroptosis",8,1.67960194833493,1.25085422469639,0.428747723638542,-0.945119608430105,"Zheng K",2,0.127921628199281,"Acute",1,"scRNA","Mouse"
"GSE174574","Pericyte","Apoptosis",9,1.11715729321926,1.00351262439576,0.1136446688235,-0.374681971838636,"Zheng K",2,0.127921628199281,"Acute",1,"scRNA","Mouse"
"GSE174574","Pericyte","Ferroptosis",10,7.01705914495204,6.4900568297946,0.52700231515744,-0.236147772780589,"Zheng K",2,0.127921628199281,"Acute",1,"scRNA","Mouse"
"GSE174574","Pericyte","Necroptosis",8,9.04462159103772,6.07121283693637,2.97340875410134,2.2224668562275,"Zheng K",2,0.127921628199281,"Acute",1,"scRNA","Mouse"
"GSE174574","SMC","Apoptosis",9,1.01277085684796,0.909235129993058,0.103535726854902,-0.416167935134538,"Zheng K",2,0.127921628199281,"Acute",1,"scRNA","Mouse"
"GSE174574","SMC","Ferroptosis",10,7.13358847970441,5.85893623875053,1.27465224095387,0.671675950532685,"Zheng K",2,0.127921628199281,"Acute",1,"scRNA","Mouse"
"GSE174574","SMC","Necroptosis",8,3.66167412884404,2.61902704070893,1.04264708813511,-0.180939509642029,"Zheng K",2,0.127921628199281,"Acute",1,"scRNA","Mouse"
"GSE197341","Neuron","Apoptosis",9,0.674758040901771,0.673240115719997,0.00151792518177363,-0.408520459875845,"Park JH",2,0.131698543875631,"Multi",NA,"snRNA","Mouse"
"GSE197341","Neuron","Ferroptosis",9,0.254410924660517,0.22425579102707,0.0301551336334472,-0.43527779299639,"Park JH",2,0.131698543875631,"Multi",NA,"snRNA","Mouse"
"GSE197341","Neuron","Necroptosis",8,0.676365489377375,0.660245550129569,0.0161199392478069,-0.296937813127384,"Park JH",2,0.131698543875631,"Multi",NA,"snRNA","Mouse"
"GSE197341","Oligodendrocyte","Apoptosis",9,0.89480937850675,0.885473996490284,0.00933538201646644,-0.346445078551235,"Park JH",2,0.131698543875631,"Multi",NA,"snRNA","Mouse"
"GSE197341","Oligodendrocyte","Ferroptosis",9,0.618456760184647,0.521532523216246,0.0969242369684012,0.403822049894215,"Park JH",2,0.131698543875631,"Multi",NA,"snRNA","Mouse"
"GSE197341","Oligodendrocyte","Necroptosis",8,0.669519729409363,0.658956745275929,0.0105629841334342,-0.349259034872278,"Park JH",2,0.131698543875631,"Multi",NA,"snRNA","Mouse"
"GSE197341","Pericyte","Apoptosis",9,0.83095203400481,0.727092894913919,0.103859139090891,0.404131277507425,"Park JH",2,0.131698543875631,"Multi",NA,"snRNA","Mouse"
"GSE197341","Pericyte","Ferroptosis",9,0.423383484234961,0.342564639314065,0.0808188449208958,0.201422567772089,"Park JH",2,0.131698543875631,"Multi",NA,"snRNA","Mouse"
"GSE197341","Pericyte","Necroptosis",8,1.07113550512827,0.807296238174165,0.263839266954105,2.03545062778241,"Park JH",2,0.131698543875631,"Multi",NA,"snRNA","Mouse"
"GSE197341","Fibroblast","Apoptosis",9,0.816758211887033,0.907100065707714,-0.0903418538206807,-1.13794320317338,"Park JH",2,0.131698543875631,"Multi",NA,"snRNA","Mouse"
"GSE197341","Fibroblast","Ferroptosis",9,0.457785267393351,0.476868373408007,-0.0190831060146555,-1.05406398435301,"Park JH",2,0.131698543875631,"Multi",NA,"snRNA","Mouse"
"GSE197341","Fibroblast","Necroptosis",8,1.37962452496097,1.24742503184445,0.132199493116516,0.796003186576691,"Park JH",2,0.131698543875631,"Multi",NA,"snRNA","Mouse"
"GSE197341","Endothelial","Apoptosis",9,1.61654267640251,1.28950721192868,0.327035464473825,2.17628759301014,"Park JH",2,0.131698543875631,"Multi",NA,"snRNA","Mouse"
"GSE197341","Endothelial","Ferroptosis",9,0.494292512057327,0.533725771795045,-0.0394332597377177,-1.30980818247648,"Park JH",2,0.131698543875631,"Multi",NA,"snRNA","Mouse"
"GSE197341","Endothelial","Necroptosis",8,1.09935865212883,1.17156145112873,-0.0722027989999063,-1.12853595956959,"Park JH",2,0.131698543875631,"Multi",NA,"snRNA","Mouse"
"GSE197341","Microglia","Apoptosis",9,0.65909506362719,0.672397152452898,-0.0133020888257077,-0.526200421556964,"Park JH",2,0.131698543875631,"Multi",NA,"snRNA","Mouse"
"GSE197341","Microglia","Ferroptosis",9,0.651169729513635,0.603167647299521,0.0480020822141144,-0.21099184332609,"Park JH",2,0.131698543875631,"Multi",NA,"snRNA","Mouse"
"GSE197341","Microglia","Necroptosis",8,0.795738383077316,0.744648351013573,0.0510900320637425,0.032321276248698,"Park JH",2,0.131698543875631,"Multi",NA,"snRNA","Mouse"
"GSE197341","Astrocyte","Apoptosis",9,0.864801374815206,0.779405659737835,0.085395715077371,0.257520415377578,"Park JH",2,0.131698543875631,"Multi",NA,"snRNA","Mouse"
"GSE197341","Astrocyte","Ferroptosis",9,1.1146408566636,0.902477951984292,0.212162904679308,1.85204799784585,"Park JH",2,0.131698543875631,"Multi",NA,"snRNA","Mouse"
"GSE197341","Astrocyte","Necroptosis",8,0.831414366304431,0.812941028568455,0.0184733377359756,-0.274779512111941,"Park JH",2,0.131698543875631,"Multi",NA,"snRNA","Mouse"
"GSE197341","OPC","Apoptosis",9,0.656919086294895,0.656699507457246,0.000219578837648782,-0.418830122737722,"Park JH",2,0.131698543875631,"Multi",NA,"snRNA","Mouse"
"GSE197341","OPC","Ferroptosis",9,0.366664234284749,0.25788156539772,0.108782668887029,0.552849187639826,"Park JH",2,0.131698543875631,"Multi",NA,"snRNA","Mouse"
"GSE197341","OPC","Necroptosis",8,0.633496494325715,0.672320829583797,-0.0388243352580827,-0.814262770926602,"Park JH",2,0.131698543875631,"Multi",NA,"snRNA","Mouse"
"GSE227651","Endothelial","Apoptosis",9,0.457789658309384,0.462494069480036,-0.00470441117065173,-1.039872029525,"Zeng F",3,0.119569557521123,"Acute",NA,"scRNA","Mouse"
"GSE227651","Endothelial","Ferroptosis",10,0.631144476990058,0.576588111383534,0.0545563656065243,0.167786511995556,"Zeng F",3,0.119569557521123,"Acute",NA,"scRNA","Mouse"
"GSE227651","Endothelial","Necroptosis",8,0.487547041416569,0.481881926332005,0.00566511508456374,-0.775011042210529,"Zeng F",3,0.119569557521123,"Acute",NA,"scRNA","Mouse"
"GSE227651","Oligodendrocyte","Apoptosis",9,0.545197665170354,0.55998498016834,-0.0147873149979858,-1.31004691177688,"Zeng F",3,0.119569557521123,"Acute",NA,"scRNA","Mouse"
"GSE227651","Oligodendrocyte","Ferroptosis",10,0.441672671426933,0.389657725723206,0.0520149457037271,0.100539920758957,"Zeng F",3,0.119569557521123,"Acute",NA,"scRNA","Mouse"
"GSE227651","Oligodendrocyte","Necroptosis",8,0.247544389200878,0.184428210790605,0.0631161784102726,0.169330353375826,"Zeng F",3,0.119569557521123,"Acute",NA,"scRNA","Mouse"
"GSE227651","Astrocyte","Apoptosis",9,0.579709043316634,0.548045389959268,0.0316636533573659,-0.0653772093970136,"Zeng F",3,0.119569557521123,"Acute",NA,"scRNA","Mouse"
"GSE227651","Astrocyte","Ferroptosis",10,0.479839585677571,0.363041186646741,0.11679839903083,1.8147259157565,"Zeng F",3,0.119569557521123,"Acute",NA,"scRNA","Mouse"
"GSE227651","Astrocyte","Necroptosis",8,0.447704319167659,0.338714798659813,0.108989520507846,0.923365063769904,"Zeng F",3,0.119569557521123,"Acute",NA,"scRNA","Mouse"
"GSE227651","Neuron","Apoptosis",9,0.483352451970727,0.417562881100635,0.0657895708700923,0.84903850889471,"Zeng F",3,0.119569557521123,"Acute",NA,"scRNA","Mouse"
"GSE227651","Neuron","Ferroptosis",10,0.41238984983714,0.359059480452373,0.0533303693847666,0.135346352582539,"Zeng F",3,0.119569557521123,"Acute",NA,"scRNA","Mouse"
"GSE227651","Neuron","Necroptosis",8,0.302683526315255,0.281125848828836,0.0215576774864187,-0.513779940656748,"Zeng F",3,0.119569557521123,"Acute",NA,"scRNA","Mouse"
"GSE227651","Pericyte","Apoptosis",9,0.428071823566803,0.359160885303821,0.0689109382629824,0.932676623695802,"Zeng F",3,0.119569557521123,"Acute",NA,"scRNA","Mouse"
"GSE227651","Pericyte","Ferroptosis",10,0.3490070210147,0.346314777580748,0.0026922434339528,-1.20455082578371,"Zeng F",3,0.119569557521123,"Acute",NA,"scRNA","Mouse"
"GSE227651","Pericyte","Necroptosis",8,0.568949342106548,0.548102562791032,0.0208467793155157,-0.525465199936012,"Zeng F",3,0.119569557521123,"Acute",NA,"scRNA","Mouse"
"GSE227651","Microglia","Apoptosis",9,0.316754738620944,0.258491348341214,0.0582633902797305,0.647371906730464,"Zeng F",3,0.119569557521123,"Acute",NA,"scRNA","Mouse"
"GSE227651","Microglia","Ferroptosis",10,0.671148022979533,0.598354196336964,0.0727938266425692,0.650354184553119,"Zeng F",3,0.119569557521123,"Acute",NA,"scRNA","Mouse"
"GSE227651","Microglia","Necroptosis",8,0.519239902153475,0.326087291233344,0.193152610920131,2.30678054219555,"Zeng F",3,0.119569557521123,"Acute",NA,"scRNA","Mouse"
"GSE227651","Fibroblast","Apoptosis",9,0.589117734412349,0.501450084826536,0.0876676495858136,1.43526916646512,"Zeng F",3,0.119569557521123,"Acute",NA,"scRNA","Mouse"
"GSE227651","Fibroblast","Ferroptosis",10,0.647210438791343,0.569564143417883,0.0776462953734596,0.778751692133591,"Zeng F",3,0.119569557521123,"Acute",NA,"scRNA","Mouse"
"GSE227651","Fibroblast","Necroptosis",8,0.588464967715623,0.581885194539728,0.00657977317589464,-0.759976516329695,"Zeng F",3,0.119569557521123,"Acute",NA,"scRNA","Mouse"
"GSE227651","OPC","Apoptosis",9,0.438459716715519,0.458334366024341,-0.0198746493088217,-1.44636378754435,"Zeng F",3,0.119569557521123,"Acute",NA,"scRNA","Mouse"
"GSE227651","OPC","Ferroptosis",10,0.421833217182684,0.405591630974414,0.01624158620827,-0.846031907258589,"Zeng F",3,0.119569557521123,"Acute",NA,"scRNA","Mouse"
"GSE227651","OPC","Necroptosis",8,0.211895321117046,0.196439108186278,0.0154562129307683,-0.614071653639286,"Zeng F",3,0.119569557521123,"Acute",NA,"scRNA","Mouse"
"GSE227651","SMC","Apoptosis",9,0.39393717719718,0.354852197062254,0.0390849801349259,0.133479798724436,"Zeng F",3,0.119569557521123,"Acute",NA,"scRNA","Mouse"
"GSE227651","SMC","Ferroptosis",10,0.705145662495726,0.658089748868334,0.0470559136273914,-0.0306772789645098,"Zeng F",3,0.119569557521123,"Acute",NA,"scRNA","Mouse"
"GSE227651","SMC","Necroptosis",8,0.558058478104663,0.547136514219324,0.0109219638853396,-0.688602546953145,"Zeng F",3,0.119569557521123,"Acute",NA,"scRNA","Mouse"
"GSE227651","Macrophage","Apoptosis",9,0.39974492337147,0.370723477383488,0.0290214459879825,-0.136176066267291,"Zeng F",3,0.119569557521123,"Acute",NA,"scRNA","Mouse"
"GSE227651","Macrophage","Ferroptosis",10,0.732497782910272,0.743474866837358,-0.0109770839270866,-1.56624456577345,"Zeng F",3,0.119569557521123,"Acute",NA,"scRNA","Mouse"
"GSE227651","Macrophage","Necroptosis",8,0.716317506995687,0.634457359065884,0.0818601479298038,0.47743094038413,"Zeng F",3,0.119569557521123,"Acute",NA,"scRNA","Mouse"
"GSE244576","Oligodendrocyte","Apoptosis",9,0.172250589559414,0.0978500023298782,0.0744005872295359,0.300944655203396,"Zhang H",4,0.101300818236198,"Acute",3,"snRNA","Mouse"
"GSE244576","Oligodendrocyte","Ferroptosis",9,0.117066465873538,0.0548038632918065,0.0622626025817318,-0.109416473974274,"Zhang H",4,0.101300818236198,"Acute",3,"snRNA","Mouse"
"GSE244576","Oligodendrocyte","Necroptosis",8,0.182288518759849,0.0983602057889924,0.0839283129708563,-0.5060456065121,"Zhang H",4,0.101300818236198,"Acute",3,"snRNA","Mouse"
"GSE244576","Microglia","Apoptosis",9,0.185072079040778,0.0986702240937029,0.0864018549470747,0.53488417254677,"Zhang H",4,0.101300818236198,"Acute",3,"snRNA","Mouse"
"GSE244576","Microglia","Ferroptosis",9,0.199523564102557,0.114418115320129,0.0851054487824275,0.405619039617228,"Zhang H",4,0.101300818236198,"Acute",3,"snRNA","Mouse"
"GSE244576","Microglia","Necroptosis",8,0.197040185921754,0.0996053923706933,0.0974347935510608,-0.225266562240391,"Zhang H",4,0.101300818236198,"Acute",3,"snRNA","Mouse"
"GSE244576","Neuron","Apoptosis",9,0.166139689266952,0.126089824582115,0.0400498646848363,-0.368650561038578,"Zhang H",4,0.101300818236198,"Acute",3,"snRNA","Mouse"
"GSE244576","Neuron","Ferroptosis",9,0.096536712295959,0.0629054137507205,0.0336312985452385,-0.754963804183093,"Zhang H",4,0.101300818236198,"Acute",3,"snRNA","Mouse"
"GSE244576","Neuron","Necroptosis",8,0.156338056419155,0.117165625908247,0.0391724305109085,-1.4364518532037,"Zhang H",4,0.101300818236198,"Acute",3,"snRNA","Mouse"
"GSE244576","Pericyte","Apoptosis",9,0.237605908531925,0.148506715992417,0.0890991925395079,0.587463105817611,"Zhang H",4,0.101300818236198,"Acute",3,"snRNA","Mouse"
"GSE244576","Pericyte","Ferroptosis",9,0.468031472607796,0.338866088145163,0.129165384462633,1.39903428229272,"Zhang H",4,0.101300818236198,"Acute",3,"snRNA","Mouse"
"GSE244576","Pericyte","Necroptosis",8,0.33595800146346,0.170218727994559,0.1657392734689,1.19467895775803,"Zhang H",4,0.101300818236198,"Acute",3,"snRNA","Mouse"
"GSE244576","Endothelial","Apoptosis",9,0.209379575217225,0.264573993531346,-0.0551944183141206,-2.2252378915528,"Zhang H",4,0.101300818236198,"Acute",3,"snRNA","Mouse"
"GSE244576","Endothelial","Ferroptosis",9,0.148293693909188,0.163466108002571,-0.0151724140933832,-1.85533654158913,"Zhang H",4,0.101300818236198,"Acute",3,"snRNA","Mouse"
"GSE244576","Endothelial","Necroptosis",8,0.354153383222572,0.18522956446489,0.168923818757681,1.26088077675256,"Zhang H",4,0.101300818236198,"Acute",3,"snRNA","Mouse"
"GSE244576","Astrocyte","Apoptosis",9,0.234892764273768,0.12660620244383,0.108286561829937,0.961480586015336,"Zhang H",4,0.101300818236198,"Acute",3,"snRNA","Mouse"
"GSE244576","Astrocyte","Ferroptosis",9,0.183005001821089,0.0826250119628716,0.100379989858217,0.750012686482657,"Zhang H",4,0.101300818236198,"Acute",3,"snRNA","Mouse"
"GSE244576","Astrocyte","Necroptosis",8,0.229882681530059,0.113409826063185,0.116472855466874,0.170505585638167,"Zhang H",4,0.101300818236198,"Acute",3,"snRNA","Mouse"
"GSE244576","OPC","Apoptosis",9,0.126461216595454,0.080065793858306,0.0463954227371478,-0.244957229386399,"Zhang H",4,0.101300818236198,"Acute",3,"snRNA","Mouse"
"GSE244576","OPC","Ferroptosis",9,0.112892338156045,0.0586470067318735,0.0542453314241711,-0.290181135783838,"Zhang H",4,0.101300818236198,"Acute",3,"snRNA","Mouse"
"GSE244576","OPC","Necroptosis",8,0.169385602020089,0.113498464308529,0.0558871377115604,-1.08897869132325,"Zhang H",4,0.101300818236198,"Acute",3,"snRNA","Mouse"
"GSE244576","Fibroblast","Apoptosis",9,0.219086992167589,0.136830800930407,0.0822561912371821,0.45407316239466,"Zhang H",4,0.101300818236198,"Acute",3,"snRNA","Mouse"
"GSE244576","Fibroblast","Ferroptosis",9,0.227387272466699,0.140081392867069,0.0873058795996294,0.45523194713773,"Zhang H",4,0.101300818236198,"Acute",3,"snRNA","Mouse"
"GSE244576","Fibroblast","Necroptosis",8,0.339373461478998,0.200764689147044,0.138608772331954,0.630677393130686,"Zhang H",4,0.101300818236198,"Acute",3,"snRNA","Mouse"
"GSE250245","Astrocyte","Apoptosis",9,0.247030045019118,0.094088582532761,0.152941462486357,1.90232602062424,"Bormann D",1,0.128384005054556,"Acute",2,"snRNA","Rat"
"GSE250245","Astrocyte","Ferroptosis",9,0.149446613514719,0.0667590831425545,0.0826875303721644,0.0144234850353173,"Bormann D",1,0.128384005054556,"Acute",2,"snRNA","Rat"
"GSE250245","Astrocyte","Necroptosis",7,0.2764206310703,0.149773691511251,0.126646939559049,1.53095011173028,"Bormann D",1,0.128384005054556,"Acute",2,"snRNA","Rat"
"GSE250245","Oligodendrocyte","Apoptosis",9,0.121499319814708,0.0869707908666501,0.0345285289480577,-0.474758927425372,"Bormann D",1,0.128384005054556,"Acute",2,"snRNA","Rat"
"GSE250245","Oligodendrocyte","Ferroptosis",9,0.103057658514295,0.0754739187185472,0.0275837397957481,-1.44162151234514,"Bormann D",1,0.128384005054556,"Acute",2,"snRNA","Rat"
"GSE250245","Oligodendrocyte","Necroptosis",7,0.217044061647473,0.133683881460865,0.083360180186608,0.705070308983437,"Bormann D",1,0.128384005054556,"Acute",2,"snRNA","Rat"
"GSE250245","Neuron","Apoptosis",9,0.195935384068715,0.165516567900714,0.0304188161680006,-0.557259513285119,"Bormann D",1,0.128384005054556,"Acute",2,"snRNA","Rat"
"GSE250245","Neuron","Ferroptosis",9,0.145570393530981,0.0984071648526105,0.0471632286783706,-0.924259339242476,"Bormann D",1,0.128384005054556,"Acute",2,"snRNA","Rat"
"GSE250245","Neuron","Necroptosis",7,0.28290373769372,0.263396577821652,0.0195071598720675,-0.513198754968202,"Bormann D",1,0.128384005054556,"Acute",2,"snRNA","Rat"
"GSE250245","Microglia","Apoptosis",9,0.156390234615578,0.128044477969031,0.0283457566465461,-0.598875225670679,"Bormann D",1,0.128384005054556,"Acute",2,"snRNA","Rat"
"GSE250245","Microglia","Ferroptosis",9,0.189628994733104,0.0660520436233285,0.123576951109776,1.09487250474876,"Bormann D",1,0.128384005054556,"Acute",2,"snRNA","Rat"
"GSE250245","Microglia","Necroptosis",7,0.218353075154974,0.219236127329178,-0.00088305217420398,-0.902229131621034,"Bormann D",1,0.128384005054556,"Acute",2,"snRNA","Rat"
"GSE250245","Endothelial","Apoptosis",9,0.190538844134618,0.162743109155584,0.0277957349790343,-0.609916656601199,"Bormann D",1,0.128384005054556,"Acute",2,"snRNA","Rat"
"GSE250245","Endothelial","Ferroptosis",9,0.203597718837543,0.0901561666562603,0.113441552181283,0.827057954208509,"Bormann D",1,0.128384005054556,"Acute",2,"snRNA","Rat"
"GSE250245","Endothelial","Necroptosis",7,0.326037630568378,0.333125914715896,-0.00708828414751783,-1.02062043261969,"Bormann D",1,0.128384005054556,"Acute",2,"snRNA","Rat"
"GSE250245","Fibroblast","Apoptosis",9,0.194068615269754,0.119028906189981,0.0750397090797728,0.338484302358133,"Bormann D",1,0.128384005054556,"Acute",2,"snRNA","Rat"
"GSE250245","Fibroblast","Ferroptosis",9,0.187047070946899,0.0886500177883956,0.0983970531585038,0.429526907595027,"Bormann D",1,0.128384005054556,"Acute",2,"snRNA","Rat"
"GSE250245","Fibroblast","Necroptosis",7,0.28217645553246,0.225287015062419,0.0568894404700407,0.200027898495201,"Bormann D",1,0.128384005054556,"Acute",2,"snRNA","Rat"
"GSE276202","Neuron","Apoptosis",9,0.156934794888925,0.133146353329218,0.0237884415597065,0.460307663238437,"Rust R",2,0.108364166673097,"Chronic",30,"snRNA","Mouse"
"GSE276202","Neuron","Ferroptosis",8,0.265929745649526,0.213752891304172,0.0521768543453535,1.61679164195356,"Rust R",2,0.108364166673097,"Chronic",30,"snRNA","Mouse"
"GSE276202","Neuron","Necroptosis",7,0.252131423683289,0.178729390582038,0.0734020331012508,0.444054904245448,"Rust R",2,0.108364166673097,"Chronic",30,"snRNA","Mouse"
"GSE276202","Fibroblast","Apoptosis",9,0.275491157312306,0.335674084192667,-0.0601829268803615,-0.144239551018073,"Rust R",2,0.108364166673097,"Chronic",30,"snRNA","Mouse"
"GSE276202","Fibroblast","Ferroptosis",8,0.186772796087098,0.302499856467522,-0.115727060380424,-0.615606657035918,"Rust R",2,0.108364166673097,"Chronic",30,"snRNA","Mouse"
"GSE276202","Fibroblast","Necroptosis",7,0.302905024684833,0.203296954269515,0.099608070415318,0.770218038113365,"Rust R",2,0.108364166673097,"Chronic",30,"snRNA","Mouse"
"GSE276202","Oligodendrocyte","Apoptosis",9,0.0963078394066367,0.423848855794974,-0.327541016388338,-2.06906930220104,"Rust R",2,0.108364166673097,"Chronic",30,"snRNA","Mouse"
"GSE276202","Oligodendrocyte","Ferroptosis",8,0.103359260437898,0.196698776399358,-0.0933395159614601,-0.317948820045814,"Rust R",2,0.108364166673097,"Chronic",30,"snRNA","Mouse"
"GSE276202","Oligodendrocyte","Necroptosis",7,0.109182500726992,0,0.109182500726992,0.889382418367808,"Rust R",2,0.108364166673097,"Chronic",30,"snRNA","Mouse"
"GSE276202","Microglia","Apoptosis",9,0.218030284912238,0.14428660550986,0.0737436794023782,0.819957630082351,"Rust R",2,0.108364166673097,"Chronic",30,"snRNA","Mouse"
"GSE276202","Microglia","Ferroptosis",8,0.190873707044813,0.220792820747997,-0.0299191137031844,0.525269149909398,"Rust R",2,0.108364166673097,"Chronic",30,"snRNA","Mouse"
"GSE276202","Microglia","Necroptosis",7,0.220705207496561,0.202609090646173,0.0180961168503875,-0.244288424798624,"Rust R",2,0.108364166673097,"Chronic",30,"snRNA","Mouse"
"GSE276202","Astrocyte","Apoptosis",9,0.267701002573431,0.244352650746614,0.0233483518268169,0.457139261591735,"Rust R",2,0.108364166673097,"Chronic",30,"snRNA","Mouse"
"GSE276202","Astrocyte","Ferroptosis",8,0.186379445302919,0.274846857407141,-0.0884674121042226,-0.253170840442655,"Rust R",2,0.108364166673097,"Chronic",30,"snRNA","Mouse"
"GSE276202","Astrocyte","Necroptosis",7,0.314472161612127,0.291356889844804,0.0231152717673231,-0.181819487680935,"Rust R",2,0.108364166673097,"Chronic",30,"snRNA","Mouse"
"GSE276202","Endothelial","Apoptosis",9,0.477544580198735,0.553513220665911,-0.0759686404671767,-0.257887921304802,"Rust R",2,0.108364166673097,"Chronic",30,"snRNA","Mouse"
"GSE276202","Endothelial","Ferroptosis",8,0.252949470091428,0.435547218018057,-0.182597747926629,-1.50469854851572,"Rust R",2,0.108364166673097,"Chronic",30,"snRNA","Mouse"
"GSE276202","Endothelial","Necroptosis",7,0.283387320835186,0.410118294083358,-0.126730973248172,-2.04682182614431,"Rust R",2,0.108364166673097,"Chronic",30,"snRNA","Mouse"
"GSE276202","OPC","Apoptosis",9,0.175437752738842,0.113662414698097,0.0617753380407449,0.733792219611394,"Rust R",2,0.108364166673097,"Chronic",30,"snRNA","Mouse"
"GSE276202","OPC","Ferroptosis",8,0.178849509708591,0.206956387615229,-0.0281068779066382,0.549364074177156,"Rust R",2,0.108364166673097,"Chronic",30,"snRNA","Mouse"
"GSE276202","OPC","Necroptosis",7,0.206378239692442,0.138984553520553,0.0673936861718884,0.369274377897247,"Rust R",2,0.108364166673097,"Chronic",30,"snRNA","Mouse"
"GSE279666","Neuron","Apoptosis",9,0.0784141906071304,0.0532463822850856,0.0251678083220448,0.0809836180997508,"Ikegami T",2,0.104343078959024,"Multi",NA,"snRNA","Mouse"
"GSE279666","Neuron","Ferroptosis",9,0.333407572259439,0.220464015841977,0.112943556417462,0.0346781296810032,"Ikegami T",2,0.104343078959024,"Multi",NA,"snRNA","Mouse"
"GSE279666","Neuron","Necroptosis",7,0.0235893785568236,0.0240650406650209,-0.000475662108197349,0.0665602960353839,"Ikegami T",2,0.104343078959024,"Multi",NA,"snRNA","Mouse"
"GSE279666","Oligodendrocyte","Apoptosis",9,0.0923183508763123,0.0725096195956801,0.0198087312806321,-0.0883007142578614,"Ikegami T",2,0.104343078959024,"Multi",NA,"snRNA","Mouse"
"GSE279666","Oligodendrocyte","Ferroptosis",9,0.188660518834675,0.0933463174070785,0.0953142014275963,-0.581884444250346,"Ikegami T",2,0.104343078959024,"Multi",NA,"snRNA","Mouse"
"GSE279666","Oligodendrocyte","Necroptosis",7,0.021252624874329,0.0162209032509927,0.00503172162333628,0.347264561005685,"Ikegami T",2,0.104343078959024,"Multi",NA,"snRNA","Mouse"
"GSE279666","Astrocyte","Apoptosis",9,0.138748069095211,0.0808279442264525,0.0579201248687584,1.11557483538035,"Ikegami T",2,0.104343078959024,"Multi",NA,"snRNA","Mouse"
"GSE279666","Astrocyte","Ferroptosis",9,0.25491949767072,0.174034092534612,0.0808854051361075,-1.08651185604877,"Ikegami T",2,0.104343078959024,"Multi",NA,"snRNA","Mouse"
"GSE279666","Astrocyte","Necroptosis",7,0.142244759189009,0.178144260135746,-0.0358995009467369,-1.73894720595044,"Ikegami T",2,0.104343078959024,"Multi",NA,"snRNA","Mouse"
"GSE279666","Fibroblast","Apoptosis",9,0.154026678445721,0.122156219671757,0.0318704587739634,0.292709200324337,"Ikegami T",2,0.104343078959024,"Multi",NA,"snRNA","Mouse"
"GSE279666","Fibroblast","Ferroptosis",9,0.358329597731351,0.211405858861754,0.146923738869597,1.22308852628311,"Ikegami T",2,0.104343078959024,"Multi",NA,"snRNA","Mouse"
"GSE279666","Fibroblast","Necroptosis",7,0.0831218986262065,0.0594500563219644,0.023671842304242,1.29732753641312,"Ikegami T",2,0.104343078959024,"Multi",NA,"snRNA","Mouse"
"GSE279666","Pericyte","Apoptosis",9,0.0648240197144402,0.0252294355165699,0.0395945841978703,0.536701478346873,"Ikegami T",2,0.104343078959024,"Multi",NA,"snRNA","Mouse"
"GSE279666","Pericyte","Ferroptosis",9,0.253264668685348,0.10892725149694,0.144337417188408,1.1326354635542,"Ikegami T",2,0.104343078959024,"Multi",NA,"snRNA","Mouse"
"GSE279666","Pericyte","Necroptosis",7,0.0418312117728211,0.0452060855428224,-0.00337487377000126,-0.0812087932801651,"Ikegami T",2,0.104343078959024,"Multi",NA,"snRNA","Mouse"
"GSE279666","Microglia","Apoptosis",9,0.0802265584827761,0.0273437066939405,0.0528828517888356,0.95645575505212,"Ikegami T",2,0.104343078959024,"Multi",NA,"snRNA","Mouse"
"GSE279666","Microglia","Ferroptosis",9,0.259065493719322,0.181533160576503,0.077532333142819,-1.20378096203408,"Ikegami T",2,0.104343078959024,"Multi",NA,"snRNA","Mouse"
"GSE279666","Microglia","Necroptosis",7,0.0376479641354733,0.0276008631164844,0.010047101018989,0.602891997812571,"Ikegami T",2,0.104343078959024,"Multi",NA,"snRNA","Mouse"
"GSE279666","OPC","Apoptosis",9,0.16241720902083,0.174107867614338,-0.0116906585935085,-1.0833140613902,"Ikegami T",2,0.104343078959024,"Multi",NA,"snRNA","Mouse"
"GSE279666","OPC","Ferroptosis",9,0.276082351946415,0.178789587285936,0.0972927646604792,-0.512686901841479,"Ikegami T",2,0.104343078959024,"Multi",NA,"snRNA","Mouse"
"GSE279666","OPC","Necroptosis",7,0.0388667890745962,0.0275331731591653,0.0113336159154309,0.668464007315257,"Ikegami T",2,0.104343078959024,"Multi",NA,"snRNA","Mouse"
"GSE279666","Endothelial","Apoptosis",9,0.24600737538803,0.280728560940894,-0.0347211855528643,-1.81081011155537,"Ikegami T",2,0.104343078959024,"Multi",NA,"snRNA","Mouse"
"GSE279666","Endothelial","Ferroptosis",9,0.377314991696691,0.23692836288712,0.140386628809571,0.994462044656364,"Ikegami T",2,0.104343078959024,"Multi",NA,"snRNA","Mouse"
"GSE279666","Endothelial","Necroptosis",7,0.0929252304852385,0.117512011057434,-0.0245867805721952,-1.16235239935141,"Ikegami T",2,0.104343078959024,"Multi",NA,"snRNA","Mouse"
"GSE300564","Macrophage","Apoptosis",9,0.140900380786569,0.168130276476137,-0.0272298956895686,-0.0322189728401369,"Zera K",4,0.0675473906983897,"Chronic",NA,"scRNA","Mouse"
"GSE300564","Macrophage","Ferroptosis",9,0.893587409552605,0.909857273240133,-0.0162698636875276,0.00935507945944851,"Zera K",4,0.0675473906983897,"Chronic",NA,"scRNA","Mouse"
"GSE300564","Macrophage","Necroptosis",8,0.685883444559386,0.67930777669126,0.00657566786812569,1.12268322636237,"Zera K",4,0.0675473906983897,"Chronic",NA,"scRNA","Mouse"
"GSE300564","Microglia","Apoptosis",9,0.159649910585927,0.168041973041663,-0.00839206245573623,1.40352662089804,"Zera K",4,0.0675473906983897,"Chronic",NA,"scRNA","Mouse"
"GSE300564","Microglia","Ferroptosis",9,0.865865081459279,0.862014734485359,0.00385034697391939,0.802624994454243,"Zera K",4,0.0675473906983897,"Chronic",NA,"scRNA","Mouse"
"GSE300564","Microglia","Necroptosis",8,0.555127102059785,0.575187370381971,-0.0200602683221863,-0.153145751969501,"Zera K",4,0.0675473906983897,"Chronic",NA,"scRNA","Mouse"
"GSE300564","Endothelial","Apoptosis",9,0.366243527532517,0.38735074455622,-0.0211072170237031,0.43442752558004,"Zera K",4,0.0675473906983897,"Chronic",NA,"scRNA","Mouse"
"GSE300564","Endothelial","Ferroptosis",9,0.582407465258198,0.570776849463658,0.0116306157945396,1.10937392913593,"Zera K",4,0.0675473906983897,"Chronic",NA,"scRNA","Mouse"
"GSE300564","Endothelial","Necroptosis",8,0.621440952586733,0.642120359367986,-0.0206794067812535,-0.182801731846975,"Zera K",4,0.0675473906983897,"Chronic",NA,"scRNA","Mouse"
"GSE300564","T.cell","Apoptosis",9,0.156366601555979,0.199271560754984,-0.0429049591990043,-1.2269106916743,"Zera K",4,0.0675473906983897,"Chronic",NA,"scRNA","Mouse"
"GSE300564","T.cell","Ferroptosis",9,0.584504201164011,0.634854149956381,-0.05034994879237,-1.33430412317185,"Zera K",4,0.0675473906983897,"Chronic",NA,"scRNA","Mouse"
"GSE300564","T.cell","Necroptosis",8,0.544327563437488,0.592145154183556,-0.0478175907460681,-1.48268776829893,"Zera K",4,0.0675473906983897,"Chronic",NA,"scRNA","Mouse"
"GSE300564","B.cell","Apoptosis",9,0.0891948076826406,0.123596491654528,-0.0344016839718877,-0.578824481963649,"Zera K",4,0.0675473906983897,"Chronic",NA,"scRNA","Mouse"
"GSE300564","B.cell","Ferroptosis",9,0.518483560816638,0.549880423769574,-0.0313968629529356,-0.587049879877771,"Zera K",4,0.0675473906983897,"Chronic",NA,"scRNA","Mouse"
"GSE300564","B.cell","Necroptosis",8,0.545510094806467,0.547843446268429,-0.00233335146196267,0.695952025753032,"Zera K",4,0.0675473906983897,"Chronic",NA,"scRNA","Mouse"
"GSE310324","Macrophage","Apoptosis",9,0.335260283088083,0.344690796335406,-0.00943051324732314,0.707106778359669,"Bradshaw K",2,0.1108708107827,"Acute",3,"scRNA","Mouse"
"GSE310324","Macrophage","Ferroptosis",9,0.408794534366282,0.454672869785791,-0.0458783354195085,0.707106779632987,"Bradshaw K",2,0.1108708107827,"Acute",3,"scRNA","Mouse"
"GSE310324","Macrophage","Necroptosis",7,0.175264993820189,0.216627696672045,-0.0413627028518554,-0.707106777138016,"Bradshaw K",2,0.1108708107827,"Acute",3,"scRNA","Mouse"
"GSE310324","Microglia","Apoptosis",9,0.208104037651118,0.252909257848899,-0.044805220197781,-0.707106778359669,"Bradshaw K",2,0.1108708107827,"Acute",3,"scRNA","Mouse"
"GSE310324","Microglia","Ferroptosis",9,0.278584436519168,0.388831028673246,-0.110246592154078,-0.707106779632987,"Bradshaw K",2,0.1108708107827,"Acute",3,"scRNA","Mouse"
"GSE310324","Microglia","Necroptosis",7,0.110121438445993,0.12678382502227,-0.0166623865762763,0.707106777138016,"Bradshaw K",2,0.1108708107827,"Acute",3,"scRNA","Mouse"
