"","Astrocyte..Control","Astrocyte..D14","Astrocyte..D3","Astrocyte..Sham","Endothelial..Control","Endothelial..D14","Endothelial..D3","Endothelial..Sham","Fibroblast..Control","Fibroblast..D14","Fibroblast..D3","Fibroblast..Sham","Macrophage..Control","Macrophage..D14","Macrophage..D3","Macrophage..Sham","Microglia..Control","Microglia..D14","Microglia..D3","Microglia..Sham","Neuron..Control","Neuron..D14","Neuron..D3","Neuron..Sham","Oligodendrocyte..Control","Oligodendrocyte..D14","Oligodendrocyte..D3","Oligodendrocyte..Sham","OPC..Control","OPC..D14","OPC..D3","OPC..Sham","Pericyte..Control","Pericyte..D14","Pericyte..D3","Pericyte..Sham"
"Stat1",0.0767377755111859,0.149755352566981,0.0896555101560073,0.0243807262771628,0.189801040315963,0.189562577941187,0.183610646632208,0.131202007096298,0.0414700795107768,0.227634158024475,0.267903641865911,0.0591701719014336,0,0.309158074288373,0.284758987515952,0.239964672096397,0.0770916846326408,0.425718005245054,0,0.051225155811118,0.0467276427948516,0.0916326977790664,0.183426163330583,0.0480035040331595,0.0610491775138371,0.069266728788403,0.0771547118210956,0.0305563469664151,0.0427071943123564,0.117796126848305,0.245650172823661,0.153895157083263,0.170409084093252,0.113298844630405,0.205375324025745,0
"Fn1",0,0.157192657320063,0.067050270085648,0,0.891950194394633,0.79644276800577,1.4434064382833,0.837020632287545,0.347479146463721,1.32796807901214,1.65532904086492,0.682005946627764,0,0.282250294737116,0.83375193197056,0,0,0,0,0,0.0044303190126333,0.0574009991364264,0.0700543552772592,0.00491157539333665,0,0.0888823848942334,0.0977235804669723,0.00735453227162398,0.0103923255631221,0.233712063989452,0.195127913909715,0,0,0.272723240445747,0.394271695566906,0
"Ptgs2",0,0.00931712871003165,0.0169370969353192,0.00206402493555289,0.120933147518794,0.0724124984641042,0.157570623282727,0.0532591359669099,0,0.0127422562908475,0.212195028468326,0.0124081045695339,0,0.00188951896927189,0.0115289991901321,0,0,0,0,0,0.0220143014632132,0.0197671226989281,0.0652985283622183,0.0145038297658166,0,0,0,0.0247234454454139,0,0.0112451498196905,0.0198978211479957,0,0,0,0.0244845475842755,0
"Fcgr3",0,0.00375942389437516,0.0207673646926155,0,0,0.00537799542485609,0.0140205115977395,0,0,0.0100144745767245,0,0,0,0.173299339670145,0.200946293309391,0,0.307801791707581,1.10535617563918,1.09016881625471,0.340810998773309,0.00193042461473893,0.0036507445775192,0.0154211390133797,0.00310935705856403,0.00466342823675947,0.0145514343073578,0.0140823366343605,0,0,0,0,0,0,0,0,0
"Vim",0.0124579259361135,0.378540472932298,0.399758715548382,0.0244600520420063,0.179036461851305,0.331697171762487,0.814608220894838,0.293445162987421,0.0243339155710881,0.178001610767579,0.596440669347602,0.10486736442421,0,0.219292235188668,0.535027497841157,0,0,0,0,0,0.00163382302032182,0.0147057983128721,0.0356517824396894,0.00133332414338311,0,0.0153821413028935,0.0680320867736145,0,0,0.18959269449307,0.238164497736169,0.0198690041171216,0,0.097047518537965,0.592455780255573,0.0546331022301244
"Mrc1",0,0.0145957236750767,0.0119875669059085,0.00507460630382191,0,0.0526887499407754,0.0225957003742797,0,0.0179345227385334,0.0165320321338011,0.0510999772570189,0,1.21918490135781,0.176402756242097,0.294386973649251,1.80311893793949,0.0391219682931152,0.425718005245054,1.31070490640084,0.040275861503896,0.00131169755708776,0.00304971362967987,0.0168081337758413,0.00319507455614641,0,0,0.0165706042440121,0.0127660233203827,0,0.00565318730786758,0.00638342659657413,0,0,0.0165814704840512,0.0641667950093083,0
"Ptgds",0.246679400475947,0.0980542723675314,0.00815763451595898,0.36555971794746,0.381172691388036,0.132247268252318,0.0485057302875161,0.673780353397575,3.2581393729811,0.7219214871729,0.395450760762421,3.20048539235968,0,0.142039527356186,0.0206892289939455,1.37182196385246,0.211571655185735,0,0,0.408922867499025,0.0863032378890997,0.0535353582976871,0.00755271870734341,0.144199744107298,3.36767077647174,1.61032532489939,0.415124196983098,3.44001862246125,0.242545938325142,0.126754818546306,0.0458368091986046,0.280606591205752,0.141453874825537,0.0977026641449506,0.0692958921145565,0.392135675242165
"Ggta1",0.0422416498949815,0.783604401511542,0.249077268954582,0.0533388539568123,0.0951578089842218,0.279314205669036,0.368050052008943,0.0557351483146735,0,0.0481390483563628,0.0716829981909626,0.0136451113164803,0.700253747741073,0.267434775015692,0.402103466539747,0.508349203737993,0.236338253771409,0.372513615205574,0,0.126228405803795,0.00159844527676367,0.01378542372226,0.0312734643767065,0.00177756143941954,0,0.0420411996517021,0.165808250525882,0.0142680463198961,0,0.666693194906631,0.187841449434227,0,0.121253530007799,0.339935512740465,0.37046750970242,0.212740099496809
"Nfe2l2",0.212029800585062,0.217099959997703,0.236538978800496,0.138193702662718,0.138687981429826,0.189506136120868,0.34906497870081,0.129661326812445,0.285378954605043,0.410794228717921,0.480255343509967,0.223461718062474,0,0.56842055243186,0.505753124779827,0.233997950955529,0.41359427740709,0,0,0.277070383163481,0.00843556144460065,0.0205600705698229,0.0236283925861333,0.013065246918527,0.0325036273821886,0.15602116073527,0.177683811960091,0.0495185237463609,0.0582492675645938,0.0208829076663328,0.123611023775851,0.0312257425450163,0.0543758495479554,0.192639736855765,0.270022949813366,0
"Serping1",0.00959882646520151,0.162308478410971,0.0503685617999726,0,0,0.029113016455659,0,0,0.247867780012402,0.344889591969089,0.363060715466959,0.225973447986748,0,0.0250271498728987,0.00349092848857264,0,0,0,0,0,0.00266157052140749,0.0137925484133362,0.0114733797794539,0.00161677830998614,0,0.0142488403101635,0,0,0,0.0598472413328255,0.0245537226110025,0.0106383255088255,0,0.427689763675909,0.410933265923549,0.0517753787987615
"Bdnf",0.0235903728641836,0.0386782321210836,0.0504364674330973,0.0197041038091077,0,0.0147596500181187,0.00889220662782907,0,0,0.0322901877851078,0.00804909847581091,0.0164890026252969,0,0.0127405542822685,0.00934676436693723,0,0,0,0,0,0.105428408097639,0.0566505185894834,0.120247784946564,0.083410928558601,0,0.0304788999502348,0,0,0,0.024887757800792,0.0166781911969234,0,0,0,0,0
"Thbs1",0.00746510378899365,0.0187292619440125,0.24682240635075,0,0,0.0388869887920908,0.136008266593828,0,0.0642189555458537,0.0813554601409741,0.318705269111205,0.0680454262555834,0,0.0466693871758343,1.46149053621166,0,0,0,0,0,0.000897759524751581,0.00448446142228651,0.0851418558015903,0.000179224411191501,0,0.030425490114334,0.220269289301638,0,0,0,0.203920241740654,0,0,0.0834101723800781,0.135391495191488,0
"B2m",0.0216518337179766,0.0827580493889907,0.168863477700315,0.0137199327374446,0.307674206363152,0.399737001756502,0.261724101827697,0.535088935910407,0.0589243145342296,0.163908269843211,0.104791270974251,0.0648497525650417,0,0.496580549622489,0.380332667428533,0.187574105593778,0.374882522397423,1.71639388686718,2.43589113558924,0.502116477600256,0.0284383056609841,0.0486630102776166,0.0490826103114846,0.0350170936374211,0.0137254130411213,0.0991109556085588,0.121002845545433,0.0144128261391979,0.0326830003975583,0.0325680343061808,0.0687963838463073,0.0337749199584647,0.0601416505140192,0.106897153615624,0.0991905766247686,0.10868621146408
"Cst7",0,0,0,0,0,0,0,0,0,0.00268422348331411,0,0,0,0.0228519321073722,0.00264857374612448,0,0,0,0,0.0388207888551005,0.00243813218592155,0.000577494184954559,0.00131478853859934,0.00340769133345645,0,0,0,0,0,0,0,0,0,0,0,0
"Tm4sf1",0,0.058926345990886,0.0690738778050013,0,0.375888382837569,0.322551912679038,0.474222148371686,0.351930749947471,0.0195565862920815,0.0536819423828797,0.128039908254855,0.0285844121450945,0,0.00435860880508693,0.00625701432734206,0,0,0,0,0,0.00182656357099884,0.00225354382477805,0.00632363058183249,0.00121617589057086,0.0108508115694341,0,0,0,0,0,0.0396596494400417,0,0.207362027067706,0.230197264316766,0.261266385849742,0.109894723562761
"P2ry12",0.178317189979834,0.0922038410158916,0.0390416844901209,0.153808812869823,0,0,0.0229985420223981,0,0.0627617547174866,0.0141738803529558,0.0134437873630645,0.0124360026290534,0,0.244721870002706,0.126849733251593,0.602953837850235,1.6483440829694,1.26634619184652,0,1.62067723028391,0.365442455216602,0.135455942756555,0.0904449116235189,0.358495699792619,0.00396151169376131,0.0288294849592714,0.0275988665466592,0.0455070010909956,0.165350008891768,0.0198292212185156,0.065216586639125,0.176435714897469,0,0.0184393447595455,0.0185455507892122,0
"Fcrls",0,0.017555601154902,0.0330423996378201,0.0109872728173943,0.0470189216777062,0.0230422677676113,0.0445721915075033,0,0,0.0216233882204201,0.0490901725381719,0.0100822205642033,1.31050888548216,0.516236110666381,0.487481825732273,0.367663952045551,1.41239808556242,2.32930289784411,1.09016881625471,1.48610141888805,0.0042649902230329,0.0114205194238813,0.0477316205589229,0.00453750787246047,0.00944858236217029,0.0118582707343033,0.0626638414400507,0.0307184098275831,0.0103945103835764,0.0260497012268042,0.0953038943906112,0.00967517964250882,0,0,0.020035694363227,0
"S100a10",0,0.0471697721791774,0.0824662505430458,0.0044085547376387,0.0964393541332209,0.0605192377592296,0.0268670937371765,0,0.0872144767329817,0.068765914349505,0.0508287108157306,0.153693507827847,0,0.0231448161962561,0.0918542487369147,0,0,0,0,0,0.024592218360694,0.0199382922272357,0.0265961012220862,0.0258960976174104,0,0,0.0279882344416383,0.00978568756116673,0,0,0.0409198591637429,0,0,0.0163782193024643,0.0586749866843839,0
"Fcgr1",0,0.00486536436788862,0.00306163922727387,0,0,0,0.0118409990409076,0,0,0.00505770675159856,0.00299642000609874,0,0,0.102656787873325,0.310297780672167,0.187574105593778,0.208134526083444,0,1.31070490640084,0.189136126683172,0.00125416772964945,0.00181516210894152,0.00750396979049422,0.00187685226582147,0,0.0121756926769589,0.0187645912302172,0.00670359706633875,0,0,0.0388085427066913,0,0,0,0.0132142434520526,0
"Chil3",0,0.00531411078046814,0.00737482883209318,0,0,0,0,0,0,0.00146630431617435,0.020721096426446,0,0,0.0147490795352059,0.118927293469686,0,0,0,0,0,0.00284235366102356,0,0.0025026233495925,0.00291205178846973,0,0,0.0233849552963568,0,0,0,0,0,0,0,0,0
"Csf1",0.0618105471771374,0.229743535128891,0.308598579433042,0.0513644693573586,0.138196169903524,0.12144091804958,0.263502028756952,0.106406328212623,0.243601209851062,0.121708121310127,0.375807038968689,0.169790163060047,0,0.129070459174832,0.129732086693521,0,0.0605963893793403,0,0,0,0.0273668196653994,0.0338730181014036,0.0743117799252439,0.0289331349451559,0.136166813793054,0.370245200872102,0.50080930613035,0.105415637412757,0.0592312440851487,0.122751681595729,0.143513497977856,0.0325363798594532,0.0628074961256276,0.0841665313441731,0.168475785881709,0
"Nfkb1",0.298969247272592,0.776071226269939,0.504806698604405,0.306024083381923,0.368317354491407,0.664276511887369,0.789931547216121,0.311896617991454,0.422947046702089,0.713651500862232,0.909447747607627,0.486132410829912,0,0.713406106443822,0.639359322488785,0.786246345355463,0.532488078511992,1.70143627897016,1.40766205633975,0.372410613592584,0.23624292794885,0.414576394296012,0.436610447195238,0.257590296272077,0.161096061608116,0.36544432818695,0.366476873190588,0.109589259561806,0.37134679922623,0.629143634425964,0.623725612665284,0.333944732608051,0.424140106266757,0.56098721947982,0.819716107094386,0.226876836880162
"Gbp2",0,0.0275924517691441,0.0116558959387595,0,0.0471795469792464,0.0257467300274277,0.0322877752011361,0.0557676963428732,0.0406014046280095,0.0636460009488931,0.0627144245901825,0.0086290378007686,0,0.00827432036512385,0.0133740428078734,0,0,0,0,0,0,0.00207618465467943,0.00272705935601591,0.000152942900416582,0,0.0147121523270641,0.0115009753807657,0,0,0.0105653103760514,0.00814202428207726,0,0.0570129000628537,0.00904875009178738,0.0315879455207319,0
"Tlr4",0.0134589737716115,0.0742480627309796,0.109216302277307,0.0164573588414421,0,0.0990466723217563,0.216431145644467,0,0.112650178157114,0.110621110993224,0.079127207487139,0.0545815538462613,0,0.131044581046815,0.144672888505709,0.777297837581904,0.28814738696616,0.875765700265718,0,0.197263943738849,0.00140354967038112,0.00554747626751816,0.0101417485843397,0.00253697035265306,0.00721033801720229,0.022458404176258,0.0128612649241464,0,0,0.0152514029633606,0.0411563868479657,0.00967517964250882,0.0647867734639627,0.0622308164783732,0.213376944441885,0
"Spp1",0.00696101137780094,0.116211908134251,0.268282308151609,0,0,0.153098733942935,0.219302002774401,0,0.3269229969752,0.294065614100959,0.787578542006198,0.36910777107748,0,0.967332052365269,1.11421571046899,0,0,0,0,0,0.00201207937439129,0.0644428398616356,0.128283115495573,0.00244545244646248,0.0104406593008977,0.127524974982544,0.391980425409704,0,0,0.191943806959287,0.329609686166841,0.0132807782218833,0.250973202955347,0.231308783681853,0.18992414288789,0
"Tmem119",0,0,0,0.00809587721037344,0,0,0.00484360573444052,0,0.0352281398445412,0.0388132781497847,0.0179514784484735,0.0913827810829925,0,0.0627714408233603,0.0365379193478017,0,0.681520641989308,0,0,0.429272059432761,0.00264725327404027,0.00169471667552791,0.00235509654018268,0.00189484649220326,0,0,0,0,0.0136917233841528,0,0,0,0,0,0,0
"Gpnmb",0,0.112682687813972,0.225911658902733,0.0083010443072325,0,0.102721749554154,0.118269869592831,0,0,0.107742936052909,0.13108327610125,0,0,1.41710725513381,1.36572425191894,0,0,0,0,0,0.00274990580843383,0.0442857753047089,0.0908116727364128,0.00253892166042032,0,0.105344184277801,0.190832473911603,0,0.0126155687696084,0.117562038569582,0.296286882768812,0.0160797263879528,0,0.0742707519398923,0.0310452432437136,0
"Aldh1l1",0.354339134091163,0.542980115383957,0.634673863209629,0.288150129587659,0,0.00913914269425051,0.0113283067849088,0,0.0127819204372352,0.0162095655576815,0.0311308944241681,0.0253458988677539,0.25792755191025,0.00632679799007418,0.00130436487946848,0.1823360978081,0,0,0,0,0.0250119102077681,0.0573766191548133,0.0213828442765861,0.0290371539570787,0.00991832973088211,0,0.0363081068864084,0.00487034229678206,0,0.0353896250678008,0.0194726348019529,0.0107787732098106,0,0.0214398070156345,0,0
"Cd163",0.00877697531046471,0,0,0,0,0,0,0,0,0,0.00393570694355325,0,0.689823275815375,0.00733130637356406,0.0222792230752473,0.231127226718347,0,0,0,0,0.00871564857819463,0.00237926967892409,0.00491929129520013,0.00924239766768692,0,0,0,0.00730865954935259,0,0,0,0,0,0,0,0
"Tnfrsf1a",0.0396750866847797,0.0566841341265448,0.196939678826212,0.0343579893686474,0,0.0670100811371576,0.167143667412876,0,0.0155842292886137,0.077754712400292,0.198270416895333,0.0123332362890247,0.364603160543048,0.0719155567951367,0.136263314943178,0,0.0915880789893906,0,0,0.0198198914318084,0.000599669486644155,0.00295770766321032,0.00886749082232633,0.00146220812392824,0,0.0133815935488324,0.109982663239676,0,0.0259652592943922,0.0691459950124535,0.141974659602239,0.0123481511940742,0.0577480063576697,0.0152101394257917,0.104856199391378,0
"Cd9",0.092939596917066,0.294119600797524,0.132446711184284,0.0976382905656707,0.144747369925596,0.2854367104806,0.321363508477826,0.155639167566476,0.126228299002353,0.159928070597103,0.184541294496324,0.156116991862794,0.335650587198025,0.471982785836383,0.323596717544834,0.41633404876363,0.603066144090616,0.782702917970098,1.09016881625471,0.791857435297613,0.00889035126671229,0.0175952744356829,0.0298378271121826,0.0116242949476039,0.68428275811141,0.555323951071352,0.514882404853947,0.697373717263071,0.724618197955572,0.881519328848177,1.20079264307052,0.745806377167989,0.0628074961256276,0.0632469779379219,0.0859098636214148,0.113656776125347
"Emp1",0,0.040295547728742,0.0949476979879705,0,0.0437476467735708,0.144479310929824,0.27649438776494,0,0,0.210461800471556,0.107366323399832,0.0441255685265074,0,0.0736088283780173,0.242046919296004,0,0,0,0,0,0.00083515901039752,0.00702241104551551,0.00993360792586002,0.000375718758447904,0,0,0.018838815892325,0,0,0,0.00724283860000661,0,0,0.0178661454514116,0.0440791394873702,0
"Apoe",3.1041559781821,2.06410870658154,0.709428225322251,3.21822580567378,1.0974193480096,0.814010805171949,0.288088876487686,1.06118152708726,1.81379658367061,0.84906306520689,0.332162275633975,1.7286319630129,2.21573392368029,2.8976169149652,1.81018935406547,2.15173743579724,0.547897253285071,0.90228103767467,0,0.832188244015021,0.0711647660964053,0.249328701313331,0.132100369351971,0.083228014087198,1.42075338515499,1.10047328146281,0.388877811500833,1.34372212402762,1.75301658359411,1.08118334678115,0.300811025651338,1.72115674709917,0.440282153390018,0.594192076619137,0.210600679647591,0.338555625704322
"Tgfb1",0,0.0333029194829739,0.0305707029700152,0,0.184761898658164,0.143942009503326,0.227809519714268,0.0887163814201594,0.0244632974848549,0.0925626776294739,0.111535816225253,0.029958368163045,0.362758057756531,0.241627323368878,0.313785593825447,0.1823360978081,0.270903028116584,0.798231620450628,0,0.331761514794314,0.00175112666197602,0.00591975583072251,0.0298214367736531,0.00136527967663555,0,0,0.0263778079443359,0,0,0.035656439027321,0.0203496021469977,0,0,0.0625370755393648,0.321803375498543,0.0538662221468828
"Axl",0.119144952073309,0.191069864165573,0.233510403508416,0.0440915684926168,0,0.00506234543523942,0.00562163262912414,0.0529255265281741,0.0893941178122705,0.15082918154275,0.257324642593509,0.0821349577774396,0,0.214722665482769,0.103803493278632,0,0,0,0,0,0.000754270227911032,0.00597348640757758,0.00919294491667364,0.000189000773916171,0,0.00872864196842267,0.0514150712132412,0,0.0668558938616014,0.111498204106276,0.210088706700098,0.0441174253575182,0.22267278256249,0.254685354308549,0.600839564268682,0.0558510020849184
"Tyrobp",0.00627650082860481,0.00796722406204061,0.0210827129431933,0.00991221663978766,0,0,0.0281854413896567,0,0,0.0252850377054968,0.0187433715272397,0,0.364603160543048,0.272802606095132,0.323537214658782,0.473962623051927,0.728232583853962,0.399952573459383,2.40087372265555,0.656165464463624,0.00246549679412691,0.0062930376142343,0.0150408506985343,0.00325415476844344,0.0166856385425705,0.0114968383745095,0.0318397682380078,0.00806683040496086,0,0.0297120998481115,0.0163211823608841,0,0,0,0,0.0583656873939346
"Ftl1",0.0543550424534801,0.0561136435582481,0.311885005588471,0.0795199729094305,0.139938841020496,0.0927793106181471,0.187036727842337,0.258525823575363,0.118900040001412,0.126785450476008,0.201793108096481,0.156811795663306,0,0.293898459112999,0.846078086025139,0.244600195351982,0.132762451476472,0,1.31070490640084,0.113882236368015,0.031662427090348,0.0317789868749026,0.0595608562715419,0.0355728925306937,0.088868352344819,0.108832934025989,0.238583477012787,0.0879856220659505,0.0294240598265788,0.011000725207641,0.134578529898042,0.0522377650508946,0.117356473202111,0.0815407756863585,0.106802749361458,0.236349886595595
"Saa3",0.0145228074888794,0.0124850342716096,0.00344879427907465,0.0203631735331716,0,0.00962653685960295,0.00757087392279246,0,0.0333291222671495,0.0108016787562462,0.00386584422941558,0,0,0.0163434429227955,0.0124782984696461,0,0,0,0,0,0.0124918969186283,0.00499698945702753,0.0048453053500171,0.0132761025570616,0.0139180323972154,0.0123835472858749,0,0.00683456123454488,0,0,0,0,0,0.0156692928974374,0,0
"Il4ra",0,0.022779204131394,0.0685914439582495,0,0,0.0333595200993417,0.40381245040469,0,0,0.0561038328129872,0.121651331395152,0,0,0.130526042890798,0.698552709294661,0,0.0398073338230196,0,0.797126276309257,0.0194819891766527,0.0109092126287651,0.0125160342434224,0.0428083244506229,0.00886857827442721,0,0.0164222516344364,0.0835860391727118,0,0.0107213827005033,0.0521009733950129,0.0476471323288918,0,0.0527105269244819,0.0168583798273022,0.194398495266832,0
"Ctsd",0.201614033906466,0.207191733076079,0.551658326850155,0.128334390449843,0.0953781612631447,0.227911557463683,0.310528201442507,0.225288095077071,0.181220317372976,0.252536885783275,0.266212483805154,0.101169073311389,0.418700325118091,1.36184971137953,1.72539996421607,0.746010266833348,1.72521787382462,2.4279184015225,1.73903560231098,1.87336734445325,0.0582489700291311,0.107242851984169,0.187576915571539,0.0620876405886086,0.0600058731338114,0.187794031762186,0.325455263221866,0.0865106768582899,0.0918485850948508,0.279622451381518,0.344643678496299,0.041832778199371,0.122247712401312,0.188404127687355,0.179925578856878,0.115967233234672
"Lpl",0,0.00196661517647156,0,0.0153086115236087,0,0.0446572471563207,0,0.139369343515905,0,0.0301568036207589,0.0100249204430511,0,0,0.297770528289844,0.0535675641298054,0,0,0,0,0,0.0150127721684209,0.0179211631448808,0.0458230248056857,0.0213598258243294,0,0.0272820014572502,0.0329200612818462,0,0,0.0129242146297238,0.0225691568497954,0,0,0.0939480704609696,0,0.0583656873939346
"Hmox1",0,0,0.357381219187447,0.00497590405902943,0,0.0113882747186435,0.101663150484694,0,0.0251593144147642,0.0125517231632064,0.0865011332614989,0,0,0.0490877131655324,0.603937968010852,0,0,0,0,0,0.00286344904618154,0.00540343125413088,0.0414828271643821,0.0029690545587509,0,0,0.104380945715025,0,0.0106838128788716,0,0.0615747571480511,0.00898752973153787,0,0,0.077840902489217,0
"Sall1",0.0716772645287281,0.0586529466701643,0.0730908289742965,0.0773134799623694,0,0,0,0,0.0432200488175555,0.0139259950976722,0.0699674285948359,0.0151566094948012,0,0.0882237596903787,0.0396613863534438,0,0.697189595470118,0.372513615205574,0,0.773654988922152,0.00446238148712335,0.00560609808454109,0.00714746052252818,0.00418076723818635,0.072761040565779,0.0598419300257552,0.0354281771121664,0.0606803427870166,0.0133267093908752,0.0305794452087633,0.0399068371094291,0,0.0712773462571363,0.0170082966340324,0.0668490637023019,0.0558510020849184
"Cd109",0,0.207468482390776,0.103887470699638,0.00562013361349911,0,0.115952164192907,0.0339636174135696,0,0.0415093360742777,0.0471402070484649,0.0707617630987336,0.0151743604182817,0,0.0544829599978534,0.029972216896689,0,0,0,0,0,0.00217293317275028,0.00491489821559407,0.00646411315899379,0.00251896780880868,0,0.0116151288718122,0,0,0,0.156233282533045,0.0805157456634863,0,0,0,0.0129192798155149,0
"Myd88",0,0.00932329374167558,0.0295750419228229,0,0,0.00845685741585055,0.0490543098225414,0,0,0.0127392474871777,0.0155163123566893,0.0274322829393902,0,0.00861562952457396,0.0512288664254784,0.187574105593778,0,0,0,0.0366589771309153,0.00260459794595135,0.0026485126224726,0.00964284527462701,0.00153038753137457,0.00944858236217029,0.0134210647212484,0.0107607076186415,0.00929367880434366,0,0,0,0,0,0.0156692928974374,0.077710752689379,0
"Cx3cr1",0.0435650405903835,0.0377333244942083,0.115432418352563,0.0448733974735593,0.0931804583183033,0.0391480861514219,0.0756696736373585,0.047330488460171,0.0347574143393479,0.052432532446238,0.0656264619267004,0.014671047476299,0.25792755191025,0.445246050223345,0.2112545932154,0.369910203401878,2.19769931353324,1.80687459923836,2.1078311827101,1.91707044342266,0.0833119168027132,0.0443147195130497,0.0415385124553141,0.0740947012276331,0.052995798847125,0.0129634181339835,0.0369790950324113,0.052184609914328,0.0413011223371354,0.0399769605423527,0.0333237665431403,0.0558142532046157,0,0,0,0.057719243203385
"Arg1",0,0,0.00543345918572349,0.00919854454124006,0,0.00763431456587859,0.0356065408697362,0,0.0412268741230284,0.00210605818948802,0.0456485665115529,0,0,0.0166819876617485,0.614744149147755,0,0.0170551754313986,0,0,0.0191719777465418,0.00566352005192195,0.000841191740794184,0.0203318628198643,0.00710061007329964,0,0.0105592381335959,0.044286713635192,0.0179166315894872,0,0,0.057416176633786,0.0238344361466803,0,0.0216834655111549,0.021265348790827,0
"Srgn",0,0.0149252846171661,0.0147041553284593,0.00622396183874531,0.511744850159493,0.172986827842822,0.26974635222918,0.410573870460714,0.0963864031628585,0.0648562330068214,0.0389849480618977,0.0662582091041063,0,0.0881858530070764,0.266298415766785,0,0.040120813535659,0.399952573459383,0,0.110370613637049,0.000734039896983432,0.00355731580701639,0.0138596053373528,0.000955901656607995,0,0,0.0240197370623584,0,0,0.0230102364184363,0.0326438054143403,0,0,0.0746724113216202,0.00831287691869265,0
"S100b",0.143140865084863,0.0997585718302554,0.117064432373347,0.135635727447249,0.165343469480991,0.0171682964488837,0,0.0416189380835397,0.0153006690438136,0.0374418128769176,0.0434021125524744,0.0787815184881852,0,0.00953254699530498,0.00212344971079545,0,0,0.372513615205574,0,0,0.0762766284402969,0.0510010754495869,0.0268169185031154,0.0772870622710091,0.189114346415146,0.109607188671352,0.0451051654287236,0.176049137908762,0.170477789372698,0.231329871693867,0.130914111521518,0.170038993290686,0,0.0143605091106446,0.0333092703855156,0.054661129486982
"Stat6",0.0205816832248715,0.0570452995519538,0.032767112002765,0.0070368024709599,0.139070427691992,0.0585647423652716,0.157393879777651,0.0534284667152979,0.101257743705118,0.151717221099068,0.258659391280743,0.0516803199997806,0,0.204229406700582,0.358003535985474,0.1823360978081,0.108886664624247,0.410189302764523,0,0.131731377777586,0.0172096763589478,0.0217441167280515,0.0450891430614706,0.0144608577147446,0.0175235874283887,0.0105994592955013,0.0609187493643069,0.00730865954935259,0,0.0801900066326539,0.0689878335868968,0,0.17513127079693,0.142013140813696,0.241907476189388,0
"Il4",0.0119881628343081,0.00424629572004243,0,0.0269122029682059,0,0,0,0,0.0199137807029073,0.00175648943489428,0.0114054939282723,0.0327349882474496,0.372968380083837,0.00206447556172035,0.00237602649748841,0,0,0,0,0,0.056597455786609,0.0231266419758616,0.024645218636715,0.0686695798302381,0.0103979160108137,0,0,0.00854988227911861,0,0,0,0,0,0,0,0
"Cd68",0.00624564826127092,0.00647508698282648,0.0170406178956549,0.0151351600815963,0,0.00669151640215875,0.0229205011520194,0,0.0238252339419762,0.0209541732009913,0.0329541635692196,0.0168927407387781,0.574782447641789,0.187727876047757,0.297838444621936,0.489200390703963,0.323383625314953,0.372513615205574,2.1078311827101,0.202148938002529,0.0040574811248423,0.00887973305716286,0.0203774178065385,0.0039966625578029,0,0.0118456417702983,0.0585301279826304,0,0,0.0141131041684271,0.0240250304258941,0,0,0.0591462256563037,0.0228544327691076,0
"Ccl5",0.00932698709846317,0,0.00991603791863783,0.0100593102638837,0,0,0.00484360573444052,0,0,0.00460648003972029,0,0,0,0.0041235710375934,0.00262326842035003,0,0,0,0,0,0.0116922781318607,0.00290528861043836,0.00241159646320189,0.00787042323935843,0.00950732705594315,0,0,0,0,0,0,0,0,0,0,0
"Stat3",0.179899328750716,0.896880075993511,1.39939257710538,0.155172882709079,0.0918152528919947,0.628333301525988,0.851794424677001,0.340033569051551,0.216946130285293,0.904058350281632,0.952171089918363,0.191344272379173,0.362758057756531,0.499195096064597,0.77596763361859,0.187574105593778,0.243058120254468,0,0,0.270865241437149,0.1005151994341,0.194344633793021,0.620319403051334,0.0996986771255525,0.0999307309053747,0.459774118789737,0.783958173003725,0.0625654174109261,0.221790742420966,0.538805516711605,1.09601446609693,0.103785272967915,0.0570644664065094,0.501486792157261,1.14787191569682,0.174858414523235
"Gfap",0.21157103585788,1.59022559283255,0.997062965602353,0.192308463181366,0,0.0477845758646652,0,0,0,0.05017712154568,0.0064348612641972,0.0132808225929578,0,0.0493248100947597,0.0161836684825015,0.244600195351982,0,0,0,0,0.00115445658414178,0.0185044572203397,0.00918206482228209,0.000264327375770092,0,0,0.0130156160790204,0,0,0.764634018439355,0.133417494903606,0,0,0.0224970882925125,0,0
"Sphk1",0,0.0066281764161252,0.157036037603904,0,0,0,0.0120320229488165,0,0.212932885482593,0.0435773885001293,0.157362708858267,0.117588739145901,0,0.00383310430584643,0.0130350024679443,0,0,0,0,0,0.00604332892207424,0.00591146493837308,0.0124920941680614,0.00876002599612304,0.00924733747420109,0,0.0170827750604046,0,0,0.0175661954169078,0.0448211908189333,0,0,0.0162095936773233,0.0742733917372736,0
"Socs3",0,0.0450520706733819,0.70400299261413,0,0.0470189216777062,0.0332964277536778,0.0938092520796963,0,0,0.0143964511962025,0.0806498139043698,0,0,0.00624083085564521,0.102609765828511,0,0.0191037623897087,0,0,0,0.00877324144825584,0.00613507665251467,0.0326465057008993,0.00679372949774132,0,0.00889466931227904,0.0481573015486654,0,0,0.0241050424483327,0.069225157192016,0,0,0.00904875009178738,0.0804857462718276,0
"Fbln5",0.00685561357299827,0.0259466767803692,0,0,0.232681996391352,0.131722538675246,0.159951250164128,0.0813237370063806,0.134115000437085,0.0448389229637854,0.056943495513766,0.139979786150694,0,0.00243644893397324,0.00110961154551277,0,0,0,0,0,0.00326574080781344,0.00550306374790014,0.0042242034686749,0.00536181157623913,0,0.0152982545172818,0.00839877272154659,0.00735453227162398,0,0.0528106605456337,0.018707665996545,0,0,0.00904875009178738,0,0
"Serpina3n",0.00370498428316154,0.189087595833222,0.0801872447628746,0,0,0,0.0116883278257228,0,0,0.00983463767434373,0.00393570694355325,0,0,0.00976763023188636,0.00975248684791424,0,0,0,0,0,0.00178249317047132,0.00331071301836221,0.0194568535373533,0.00185413048657954,0,0.0970586249739582,0.436865004473629,0.00970964968982996,0,0.311025851096555,0.574772243107643,0.00970081294896939,0,0,0,0
"Thbs4",0.0288656359720069,0.130180645618497,0.0132510674053077,0.0163872978800005,0,0,0,0,0,0.00537333095988684,0,0,0,0.00264550132687633,0,0,0,0,0,0,0.00560322169245825,0.00496577635167167,0.00560800569810643,0.00335690464998756,0,0,0,0,0,0,0,0,0,0.0366704631181595,0,0
"Hexb",0.133793921453855,0.23120849399444,0.718596161057051,0.168046610032732,0.340135649968878,0.270991239886557,0.695450015140014,0.0534568555482305,0.114025069877762,0.36062611653779,0.75660381411094,0.199212045486093,1.18082699012172,1.59249222004427,1.67224209204584,0.842875250259166,3.18877326974819,3.29692827860976,4.36364787382976,2.90270926157478,0.102030540155993,0.180982899041196,0.375649608632399,0.0968335829690105,0.157624780942537,0.309708862863806,0.732832992842278,0.110725844972412,0.105168127718542,0.30192782468616,0.747186618728748,0.22246482574642,0.121018001810472,0.251500133162671,0.491296223286111,0.103747521594912
"Tgm1",0.0104026382821242,0.122107471102372,0.256703469089429,0.0156872031951253,0,0,0.00753910525158902,0,0,0.00355198154586946,0.00947068627559475,0,0,0.00211642239863914,0.00311464855952934,0,0,0,0,0,0.00296866702727365,0.0027931508571194,0.00427318911397249,0.00464084587899294,0,0,0,0,0,0.0226821591617597,0.0712114606327226,0.0219750344640343,0,0,0.0546504111691748,0
"Ctsb",0.129239700335307,0.340558143882282,0.620397920327696,0.173269157699947,0,0.14599002546243,0.380025585022166,0.283606957261873,0.208975662439846,0.331706906567541,0.48913108659333,0.106764012250322,1.07137702503839,1.44744253649419,1.99833184479131,0.244600195351982,0.549642082529496,1.30876304111242,3.04642691561974,0.818281389318138,0.188246905664794,0.213503571981326,0.324039883199551,0.176016415295115,0.179865228934361,0.250829706577847,0.541867094012692,0.230314950216748,0.0792628312641999,0.167882780003445,0.403584180363187,0.119250863160891,0.0596619355717945,0.123024712115974,0.267262199526449,0
"Amigo2",0.021246998056815,0.017615468340702,0.0184195077904649,0.0176196954447488,0,0,0.0107958066487073,0,0,0.00220159692752013,0,0,0,0,0.00319055593137087,0,0,0,0,0,0.00226355687115337,0.0024424206762828,0.0033871225799832,0.00221774051956633,0,0,0,0,0,0,0.00925188416783491,0,0,0.014108098273391,0.0822542490786026,0
"Socs1",0.00701600735178891,0.00588747458637584,0.0332301906978664,0,0,0,0.00803949691374275,0,0,0.0227189830848227,0.0191542866430449,0.0148276263746105,0,0.00913521068727744,0.0109975911835837,0,0,0,0,0.0199444420386631,0.00266918235453626,0.006964144780109,0.00725899789867655,0.00419972792786713,0.0108508115694341,0,0.0159163774451928,0,0,0,0,0.0299188901450602,0,0,0,0
"Cd86",0,0.0113005298593451,0.0106571214894367,0.0044388297168671,0,0.0140501454058362,0,0,0,0.0149013187903867,0.0111307541717653,0,0.316854895731538,0.311739169905402,0.242692228948112,0.548550829146995,0.631902572189718,0.758607992219283,0.797126276309257,0.649973314689177,0.00175103303991061,0.00473271324363871,0.0130075730911401,0.00173479755642001,0.0118386302271844,0,0.0213047280617149,0.00670359706633875,0,0.0240491808294626,0.0265688803961066,0.00967517964250882,0,0,0.015766296160022,0
"Cd80",0.00208354009622439,0.0109869540261643,0.0121201764549686,0.0089202906990714,0,0.0159391751526507,0.0176669183494168,0.0366829777333925,0.0656446423024738,0.372128767908226,0.157062770800909,0.0330280621580781,0,0.083963901026226,0.103372583917152,0,0.113331436084768,0.399952573459383,1.31070490640084,0.0782020402382531,0.0140367550719173,0.0138322145411505,0.00883157133497773,0.0179773918631252,0,0.020586912702726,0,0.00725861789373702,0.0116266260693677,0.028924157226045,0.0116174929260753,0,0.116091784960868,0.100532942225436,0.0840760796453108,0.0546331022301244
"Fkbp5",0.0565153056094384,0.495079505823053,0.321634356078175,0.132454037721666,0.085755816120887,0.728307834109033,0.670293291734216,0.3460192096637,0.848311079587016,1.2605918067008,1.1933443848807,1.60117928076006,1.02933870219616,0.783414524531234,0.694979729631259,1.62952665707583,1.11593688793733,1.95368352892292,1.51320914994867,1.17774080336168,0.142612463432808,0.310386618261334,0.461089457113624,0.191641190880423,0.103292072943984,0.536439872661097,0.495133785959369,0.16464732586506,0.226400307275078,0.370033315123197,0.496808815590908,0.188480156037687,0.0767668430112016,0.469864823000249,0.638933108272879,0
"Psmb8",0,0.0030580499034946,0.00421118763076301,0,0.0484151153657401,0.0138985213743282,0.0142195154680523,0.0798093381952819,0,0.0135035592001574,0.0171105996054338,0.0169329067008084,0,0.0264891571246825,0.0641976141344209,0,0.0202800201667501,0,0,0.0560341378397184,0.000164317418792497,0.00153085502599524,0.00510636796603933,0.000398216881387707,0,0.00845305227918707,0.0236726395909767,0,0,0.0138342148485294,0,0,0,0.0235194380681448,0,0
"H2-T23",0.00208354009622439,0.0145989744336906,0.0371243300497909,0.0242794712532439,0.274513423862497,0.0677721605572156,0.0673869387700261,0.147551735144518,0.0259715982759621,0.0586869943206136,0.0379845965982046,0.0709689499273889,0,0.0575590594854669,0.0841703211246546,0,0.181497843936384,0,0,0.110656702528391,0.0174738846217249,0.0207975171549873,0.0242418502657325,0.0170530843939048,0,0,0.0188623249756732,0,0,0,0.0463977263299018,0,0.0568590446675101,0.0163366770751541,0.0247934346808403,0
"Trem2",0,0.0126694929243377,0.0230890917501018,0.0112048609108859,0,0.00757056394495705,0.0365503371003707,0,0.0260833770530399,0.013990368075369,0.0481578884003293,0,0.335650587198025,0.415933481421474,0.353518681038735,0,1.01125391709337,0.410189302764523,0.797126276309257,0.908055318350341,0.00580996831509564,0.0106977941698642,0.0218497361270913,0.00571218789808425,0.00466342823675947,0.0315456023979176,0.0076248336882644,0.0179588031847188,0.0150252844822642,0.0153556003228119,0.0455406886967655,0.00967517964250882,0,0,0.014530590932059,0.0555827549675841
"Aqp4",0.526438365269155,1.22443172342827,0.392771455363052,0.659909134709043,0,0.0297283852324101,0,0,0,0.0142320921091475,0,0,0,0.0257527434061074,0.0019676713090052,0,0.038721994863396,0,0,0.0561003409203897,0.00178288355736552,0.00975633723629903,0.00784670605546903,0.00164844139623523,0.00995225797593647,0.0684538491643301,0,0,0.186637954348699,0.409484841790711,0.171505928756329,0.127744860042329,0,0,0.014530590932059,0.0522076044514795
"Cd14",0,0.00628756576351413,0,0,0,0.0193317222974466,0.0389589932501593,0.0263808714799839,0,0.00548463275329653,0,0,0.25792755191025,0.0217848389164248,0.0334538829940392,0,0.153857060285808,0,0,0.183339806301208,0.000396942156864213,0.00055019920913147,0.00138442835837933,0,0,0.00872864196842267,0,0,0,0.0166066578641546,0,0,0,0,0,0
"Iigp1",0,0.0422475152460506,0.00693586239313843,0,0.154394252912187,0.168707358520504,0.0614297547757805,0.242177093022844,0,0.0904812601282744,0.0538886830717776,0,0,0.0255355876336262,0.00638337851723189,0,0,0,0,0,0,0.00103160359464305,0.00322514807344797,0.000165147980778508,0,0.0264829367634788,0,0,0,0.0139880378853919,0,0,0,0.109594304975613,0.0526687951279666,0
"Clcf1",0,0.013086387177469,0.225588863621306,0.00440545243958839,0,0,0,0,0,0.0224706717098978,0.0391225205734615,0.0299391990230777,0,0.0106539766175796,0.0401004958278338,0,0.0199218824987668,0,0,0.0206465862857397,0.00191807479789502,0.00221359985633749,0.00465400703756819,0.000583716945681055,0,0,0.0424922399373645,0,0,0,0.0698505336166083,0,0,0,0.0678983864652311,0
"Fth1",0.219428167392761,0.154582044403698,0.210791835778679,0.196872189683564,0.500637057789438,0.210758009913725,0.362211650942128,0.461024650847566,0.238111176092784,0.190412013631287,0.473983701411639,0.284882567235677,0.378676337903369,0.408269474306111,0.756196500149462,0.233997950955529,0.186756016274245,0,0.797126276309257,0.217439038781528,0.172110279870918,0.0832552907677824,0.0744415239335241,0.167672217487493,1.16957640412817,0.371404308346609,0.680741104392607,1.03691909374755,0.0783028118394284,0.161421394654891,0.109231256558983,0.179228045399198,0.693696066532839,0.0986064591555816,0.180049662194648,0.269990086630445
"Cntf",0.0083915175374338,0.00791132953018069,0.012855763102857,0.00556186569891148,0.0470189216777062,0,0,0,0,0.00341172515763448,0.0226675706233238,0,0,0.00406125037019271,0.00701609649774907,0,0,0,0,0,0.00490823236708095,0.00851248575382164,0.00728210146140869,0.00335536637667453,0,0.0145936710292376,0,0.00821154035294963,0,0,0,0,0,0,0,0
