"","Macrophage--Sham","Microglia--Sham","Endothelial--Sham","T-cell--Sham","B-cell--Sham","Microglia--Stroke-isotype","T-cell--Stroke-isotype","Macrophage--Stroke-isotype","Endothelial--Stroke-isotype","B-cell--Stroke-isotype","Microglia--Stroke-antiVCAM1","Endothelial--Stroke-antiVCAM1","Macrophage--Stroke-antiVCAM1","B-cell--Stroke-antiVCAM1","T-cell--Stroke-antiVCAM1","Endothelial--Stroke-antiVLA4","Macrophage--Stroke-antiVLA4","Microglia--Stroke-antiVLA4","T-cell--Stroke-antiVLA4","B-cell--Stroke-antiVLA4"
"Slc40a1",0.127914605970138,0.618392139748595,0.826594292699446,0.0336356187726838,0,0.509868052340335,0.0303917757266387,0.197705244589869,0.810285341281625,0.0732761001201523,0.550476410755743,0.765830788270048,0.210632066519424,0.145178307327391,0.0669078858348008,0.76061833997885,0.253893046478249,0.570327863770841,0.038084139371727,0
"Cflar",0.611744755450869,1.16078038605659,0.484929835108007,0.297149355288315,0.239310317162444,1.07526380266349,0.348193186684012,0.648726882815056,0.476941775615142,0.339970072651888,1.03029142801349,0.450689851571866,0.523118125747566,0.258293395859274,0.362865624500026,0.443628619326689,0.506417877805785,1.02319002739973,0.343222759825876,0.119185577089469
"Casp8",0.402635619186209,0.707678824421344,0.245468063967736,0.484472214559392,0.292546243756508,0.656459454742137,0.387399348280973,0.442839479936431,0.229900977973114,0.237147479962428,0.664855108532692,0.245726198258041,0.415878832969512,0.168970385895683,0.314773642187646,0.269573143896612,0.355176444710387,0.68853806237913,0.360462535054453,0.383820637714497
"Acsl3",0.123418492407146,0.0191299580691732,0.397137679565988,0.0162223103473533,0,0.0253325370103312,0.00896729100622125,0.135862636166374,0.490971363824062,0.0314447984104155,0.0296036716544648,0.394387512592465,0.0590619037784639,0.0597457713978236,0.0220618953403562,0.415188148806329,0.13346549363477,0.0383307684343267,0.0201724953626685,0.0201729355566486
"Steap3",0.0229455074932413,0.00303389739183567,0.0610583974965207,0,0,0.00505696010936846,0,0.0112240512154164,0.052989636207262,0,0.00535577884016214,0.0654643887987003,0.0259568850606285,0,0.00423490118925631,0.0697604552030486,0.0182947325267937,0.00579768975896914,0,0
"Btg2",2.12489407593429,2.31155468169911,0.626205888436834,1.43040394469031,0.911319388148984,2.01733074534168,1.09737584388956,1.84611526944267,0.445616462973164,0.80422618947758,1.72793441893219,0.556221287486235,1.75807650901358,1.06554397651075,1.15948779174379,0.620298425453618,1.75828351045398,1.44196779670166,0.922195262884179,0.692225473842259
"Rnasel",0.177703440312731,0.0868844886049108,0.00510465309549002,0.135562580735458,0.130479617118671,0.0712975271761795,0.126107598543932,0.16014605499491,0.0032667349320115,0.068752366611817,0.0727265437262044,0.00049539581368986,0.190568097137925,0,0.110140216575431,0.0013686125482916,0.21034302192618,0.0824641365680494,0.0717160333201402,0.00820558469812733
"Fasl",0,0,0,0.909778254561361,0.0745231796841384,0,0.625648261857882,0,0,0.00281429654419833,0,0.000464382977289383,0,0,0.508653501459605,0.000191153950164813,0,0,0.623244342967349,0
"Pea15a",0.653954009371704,0.486850452674032,0.509759977062417,0.279785910931578,0,0.445729505503467,0.200200263289102,0.499776376511474,0.571936859217622,0.100759695890026,0.364141601533625,0.632352434086184,0.416453956941675,0.167011871808637,0.19297335503128,0.637410647328662,0.582326909590699,0.34412476370166,0.130185172760479,0.0923390178815145
"Psen2",0.168817813568673,0.0692501104362283,0.123957485984475,0.264296115854956,0.353619664797587,0.0726420891668356,0.23663040271795,0.142608465727366,0.101913017189509,0.188734212719841,0.0804600092205072,0.113422026334137,0.117070695117768,0.0603896933455986,0.20754722809415,0.131042253478326,0.137741854746727,0.0685479748170491,0.204573929183997,0.213558607947135
"Tgfb2",0.00328489302817874,0.00407524463971693,0.62946371985844,0.00968996902408623,0,0.00582728582268418,0.0033988369428138,0.00384467133410334,0.594145900777569,0.00821236537344709,0.0150379709745821,0.543646076009444,0,0,0.0106067560417107,0.531565833628192,0.00432068559497811,0.0202895426461331,0.0138376308538909,0.0193317126833764
"Atf3",1.87515795216015,1.91540292337433,0.246110449172653,0.1734768035702,0.0581537531374241,1.95069316874312,0.153385920444949,1.90786956497259,0.235387020768299,0.259425222527377,1.53046745692199,0.278662691297189,1.4683463549142,0.170563226592966,0.231223654465524,0.305406272119008,1.78776730865496,1.24918015842702,0.0652799509299115,0.103213232095362
"Traf2",0.051253896210058,0.0822732194149868,0.076996206686815,0.136467576618194,0.189636948519733,0.0875550508692768,0.13522493174268,0.0470577046687925,0.0698289570515229,0.0942070304851138,0.0984279866150269,0.0810917850453808,0.0653976037897179,0.0889215116472868,0.140449979422835,0.0750049792880044,0.0456273695230322,0.0992558129736473,0.151954274613147,0.1394043923723
"Sptan1",0.312822693308796,0.254433192884875,1.36245122244371,0.400027469304116,0.0620908111876228,0.197147411193832,0.25368462101862,0.253608191458992,1.28017648311447,0.172433655656817,0.18840004942673,1.20615302687548,0.291888933551198,0.241477003076563,0.216767275548103,1.21497537059875,0.364355689427331,0.202475703848973,0.278727875826689,0.264877723743079
"Gsn",0.360607292584558,0.0109467231048259,0.00980541367535943,0.0269503691820162,0.0554878628250901,0.00840449160553654,0.0169312283682975,0.33976109678892,0.0167039333446796,0.0191150484718392,0.0088422246435948,0.00674912600972272,0.370544326566645,0.051913066851778,0.0106081872113396,0.00402376304255189,0.301780354178734,0.00758971031658253,0.013199730637696,0.0624800446266876
"Dpp4",0.146232436896234,0.00187347890127935,0.158433988011758,0.118547244613427,0.321721556931129,0.00178344449899107,0.180994770463061,0.210633360678749,0.11129146054908,0.167645034799426,0.00319725910302136,0.107989488971123,0.161488849487815,0.353520746848748,0.18377966803497,0.122176427245551,0.168926124917094,0.00215305638758082,0.156171890263472,0.287755501908207
"Madd",0.142142687006935,0.232874313595199,0.108557289224192,0.342630673405292,0,0.243017276083685,0.248448232667682,0.186166733263642,0.0888332433282284,0.129123862155812,0.230167313946531,0.0745338197892514,0.315712802218275,0.0600913846171712,0.214147854666904,0.0833351566086227,0.172140389878813,0.273154820848569,0.253889090164771,0.190156546129288
"Cd44",0.602158021807772,0.00644767220842322,0,0.41596473315196,0.457190478490425,0.0243758833144089,0.446150088488096,0.437141685235423,0.00278167270812383,0.349750532320471,0.0192899365619192,0.000683653017335859,0.73546208536042,0.23688680831655,0.425456844180467,0.000998819447228114,0.286195733182546,0.013845228736276,0.400493231722264,0.28901768588923
"Bmf",0.062666632324849,0.160637735247494,0.0221722195983402,0,0.0730230176938563,0.174572641476538,0.00749188547466487,0.0493821704109313,0.027303053616153,0.0934352583966661,0.135595258069371,0.0151949854836744,0.0956173568258953,0,0,0.0204687446328446,0.019313805835726,0.151826322702673,0.0120959079057507,0.0501601673470968
"Plcb2",0.0975972692378672,0.179956290555354,0,0.147030572406809,0,0.178470011082934,0.0540205514527838,0.149988510454546,0.00157581815164046,0.0441147684323591,0.157082856031465,0.00137610133880848,0.0392140154076868,0,0.0660743410211533,0.000899583788282906,0.103032340707412,0.175546889506494,0.0560285636478653,0.0121030721971096
"Bcl2l11",0.213684561346701,0.251601409049843,0.152735045405451,0.494365575544908,0.21269772032408,0.247047791231387,0.298953613888126,0.273502686504965,0.10957251034759,0.132322571577542,0.216742416709632,0.115545957840717,0.337054293570924,0.208669871028533,0.34085111033796,0.116442234920539,0.229379468002373,0.210797996409131,0.222843976405743,0.121887516867736
"Slc20a1",0.105978920043797,0.0559395919221701,0.0769621020901327,0.329736715444063,0.114319576834843,0.05526321259427,0.171260777664442,0.079311541750161,0.095080113368943,0.0398579188148498,0.0444391840159437,0.0550245244373424,0.0421243882314531,0.0468802871365254,0.117034100184232,0.0487862882026641,0.0440457303732893,0.0389053053027542,0.178760353782299,0.0899390344633452
"Il1a",0.0677600731854134,0.967507252898054,0.00341324465598732,0.0854795061969134,0,1.00700294964317,0.0542164519281439,0.0913054453193988,0.0198105723698387,0.098506395984997,0.782473130323669,0.0054778206410686,0.0304993381188797,0.0883341495368263,0.0792066752467382,0.00610459137730162,0.0822654428157754,0.683657558638307,0.0504261641757218,0
"Il1b",1.46131167057387,0.0757964135389085,0.00430947716014574,0.0408011286303327,0,0.157207261931136,0.00234486509811059,1.48387727859864,0.0136014373808675,0.00675781757378763,0.0746093759647097,0.00137028250755974,1.22173344271688,0.078341044057325,0,0.00308089590906984,1.18329670916305,0.077061687312367,0,0.00820558469812733
"Cdc25b",0.00925206830080183,0.000759389871713125,0.0624189117756434,0.111283844185621,0.126605547439956,0.00303783040982275,0.0565165404967312,0,0.0287965298976849,0.0528823369566176,0.00570008258863239,0.0294885759998087,0.0271910830181643,0.185149120345964,0.0241885183406362,0.026250463377709,0.0153959205586026,0.0033596079509145,0.0414109707951112,0.172965525795395
"Prnp",0.02069491619906,0.0226433033420878,0.634927015325285,0.0665490722026798,0,0.0212500423559979,0.0294403404459228,0.0579478166389021,0.734779773005991,0.00376114145467163,0.0324921695225969,0.813814633448866,0.0283550705176133,0.0214402775295282,0.035122972913387,0.846762772838765,0.0965426129508132,0.0390903229001651,0.0564222931583078,0.139751502672481
"Bmp2",0.121286611136969,0,0.00593859255523566,0.0108968351714996,0,0,0.00761477921002638,0.12291162665303,0.00682072041850127,0,0.000879475313953195,0.000603785577796286,0.0545516801873326,0,0,0.000648839562790869,0.177453221342049,0,0,0
"Bcl2l1",0.409045046641916,0.481270619215307,1.05028079032073,0.222758195194427,0.158961556831283,0.545913688211578,0.155871617558145,0.317371563803754,0.940931169662379,0.0649728054552445,0.520879325209472,0.861429532662275,0.311706257164106,0.194445140143303,0.231207713026045,0.846058005314025,0.407629063291472,0.526304372764586,0.142121461404264,0.0672932074570265
"Chmp4b",0.751131142299135,0.612095937067608,0.439447799189019,0.781962620434879,0.880289715461172,0.555525585653448,0.62217829103626,0.74858661023742,0.486444710808864,0.484195782320311,0.542661783922042,0.55037980558105,0.72750034812522,0.526995912244334,0.694861846419915,0.541163675193089,0.579562758952632,0.507615310853908,0.572548718552912,0.479375263840769
"Itch",0.787897123486295,0.973504762582844,0.651505927830258,0.791748724619929,0.827156648676459,0.878683347787646,0.563429567438225,0.60408915551,0.54233628217086,0.537869744033244,0.872400008505698,0.496736146620552,0.772823902706103,0.722371331095333,0.640947995974284,0.502432844188736,0.537744945236535,0.949919710600877,0.535395541710734,0.440813250919726
"Map1lc3a",0.169148504659676,0.29552882038158,0.541065620431928,0.0311074829461094,0.117001835133975,0.267461444537504,0.0714761913414107,0.145695086768406,0.634681405837731,0.130494939778977,0.308632661469875,0.873111148508169,0.230244659443978,0.164435445017422,0.107161473775091,0.872096062188789,0.18981929087918,0.307331991204605,0.0857813809264001,0.203109627945243
"Gss",0.0227988625944861,0.0417549928769894,0.0520895530723056,0.0618446928852653,0.0887441336331769,0.0393504606392144,0.047818409952667,0.0444483275966636,0.0586584860963305,0.0298980424932165,0.0334235147492583,0.0552478839564325,0.0258566488947189,0.0285555706755986,0.0368707931265833,0.0614155766634035,0.060594305755631,0.0396813819412639,0.0380916719665974,0.00731098847375804
"Chmp4c",0,0.017052641035672,0.00292016142643572,0.0305280423990935,0,0.00545032026524726,0.0105805620666591,0,0.00526499179627201,0.0116933495606981,0.00757395070778354,0.00444739109535381,0.00865546288032206,0,0.022729563908437,0.00147579340079295,0,0.00470570840469439,0.00377045456605577,0
"Cp",0.384222359713399,0.082558801226604,0.818039074750152,0.00874747999596346,0,0.0942550715878279,0.0101746562392931,0.35508258354795,0.730359097487596,0.01246272118803,0.0920671992611451,0.736156802218411,0.344492394147392,0.139259896646426,0.0197823036858955,0.717696269489332,0.427016335916882,0.11009100810272,0.0108527898439253,0.0427292822722166
"Tnfsf10",0.0316793156223278,0.0301106356572925,0.514608132904139,0.586079007480669,0.0489195329992382,0.040029210195503,0.308074792970437,0.0312373248823691,0.511925273839543,0.0609362381725176,0.0468872305668165,0.437346338797657,0.0187989330863835,0.0257700475878969,0.243735707462634,0.449165355044363,0.0709211951700482,0.0639816630613682,0.342249071622155,0.0306365081130756
"Slc7a11",0.121184086608808,0.0348490485163276,0.0110848483803801,0.00738536861326823,0,0.0204810268584246,0,0.0612619788095588,0.0286154340777785,0,0.0262323300463786,0.0042011402974281,0.175010065380798,0,0,0.00384137807533505,0.09936427598755,0.0245480326988304,0.00654083096517625,0.0226326703637867
"Lmna",0.0761920776809737,0.0455644036397212,0.289448057894077,0.0712199562009024,0,0.0519018454030933,0.0685220731236647,0.0827566969517061,0.287080723565808,0.0754839704407839,0.0460383767786515,0.357848298582468,0.10763607406527,0.0367750463745763,0.0597342989851469,0.338772232279248,0.0352223661487162,0.0493304050107167,0.0221565401108123,0.0317017495601495
"Dap3",0.180381403700476,0.122304709220966,0.153143426444819,0.177951349803658,0.0462372747001059,0.113589581444421,0.173101352956949,0.137518565351205,0.159671832671606,0.164933683025972,0.116427593050014,0.172561652029894,0.134421554604451,0.267083474292173,0.13337649148931,0.174525450850526,0.12536956985444,0.119438407531211,0.163402496693184,0.11697687506949
"Mcl1",1.64544033164026,1.28264217205429,0.947741319743326,1.01967421248322,0.754859025070995,1.3006953844921,0.608471633485083,1.44965980134734,0.967132467725441,1.01085523190554,1.14807794932837,1.17984576686288,1.43354953668092,0.997662207210593,0.802689463337775,1.16724753352537,1.22500644952031,1.0348423856036,0.619932592493775,1.16203259180779
"Txnip",1.27913908340782,1.48771356282512,0.573436842592225,1.24298190469561,1.42088572705628,1.2657618007112,0.908412237307082,0.930353155278596,0.583382911546105,0.866971485776993,1.28677799178656,0.66735765622006,0.868024938130861,1.37471588663296,1.16396832316061,0.656156926696898,1.45356804373043,1.19982869940709,0.963843396476559,0.844970665810365
"Cd2",0,0,0.00212098960640563,1.09175122092867,0.622964887207333,0.000590465729577772,1.20584640029657,0.00759948456754778,0.00234335520191323,0.487830290399819,0,0.000834659166063393,0,0.726334373507393,0.997867202748619,0.000939263424070612,0,0.000890585977793098,1.24701474555305,0.612192757120184
"Gstm2",0,0.000941604790761274,0.0463571635275615,0,0,0.000601859600428655,0,0.00174739604325818,0.0949697697263147,0,0.00261083306487954,0.110016519803591,0.0077038585120481,0,0.0082736978572823,0.125605782548847,0.00745412807049307,0.00553351969480611,0,0
"Plppr4",0.0408719729991789,0.0183190396738044,0,0,0,0.0244266341135189,0,0.0256979208182622,0.00315016519258368,0,0.0105302126992669,0.00308466171254128,0.0189686750809538,0,0.00774451807928206,0.00154802642336353,0.0342608257175457,0.0103866976576489,0,0
"Dpyd",0.0812403790718662,0.0124622796858986,0.00421438248760954,0.019152626018337,0,0.00877779228646256,0,0.0480424094878404,0.0170526086673718,0.0173807079513768,0.00401497133923706,0.00404769688830211,0,0,0,0.00353005670886708,0.0233855445237938,0.00190094282942495,0.00615340716333306,0
"Gclm",0.100542509761874,0.135305519038024,0.428072265363014,0.169865571539255,0.0267514970707305,0.111797362321012,0.125889894500985,0.121756696204756,0.446442584254132,0.067995692615803,0.132382376394781,0.546537172529479,0.0884643422757589,0.102969361536483,0.167303776177624,0.571041140849547,0.167508938647898,0.124175312856893,0.196506319894353,0.00731098847375804
"Casp6",0.0615212746679057,0.0542724593877819,0.111693856938329,0.0611216957658954,0,0.050074450241395,0.0214026349431776,0.0645302841724879,0.150332069744043,0.0781367279111893,0.0641138648986867,0.161807926483292,0.0917207212662012,0,0.0342627415031811,0.17777789045227,0.0781719817356041,0.0572787850926034,0.0386737319094663,0.0464673709047496
"Lef1",0,0.019331045917419,2.13293103489702,0.37945383750345,0.144140702308722,0.0223347338982362,0.485209289828522,0.00851522337638031,1.92953846732573,0.0387172629981469,0.0499922123919225,1.87997879653742,0.0236279822319685,0.19234710458978,0.398367551099552,1.92033743019412,0.0646616754609079,0.0760601261438073,0.424998495868534,0.0968274975581208
"Slc39a8",0.043835790597852,0.0932911569431704,0.452851688383946,0.0107243101556416,0,0.0751463598874836,0.0186394101021969,0.0237482815361603,0.419840188065619,0.0121259353966706,0.0972195985935831,0.391962536677328,0.040497553545815,0.0900020740700623,0.0374810323091926,0.444080037063673,0.0288840541869354,0.0977138108171978,0.0224817676706023,0.0167068186988301
"Bcl10",0.512692835646091,0.514226928637606,0.314121073969671,0.449808129395867,0.668086773132721,0.432065813299327,0.313163570401059,0.488791129407511,0.289266158717976,0.477509885296609,0.403427711129778,0.391030772235492,0.404716769713228,0.481940278891784,0.32817674240884,0.399358037209326,0.622594182408568,0.397862645324509,0.287918693016172,0.611799977983904
"Cth",0,0.000867534809752339,0.0044781799954975,0,0,0.000880927921698859,0,0,0.00738370574563349,0.0120329119649303,0.000566758985431848,0.000881588374030598,0.00770633381938822,0,0,0.00106670315081151,0,0.000358879856216823,0,0
"Sdcbp",0.930783254430723,1.1264550797253,0.560658822415132,0.627278954169109,0.305667887506757,1.11146762920034,0.358369299658493,0.962441161644063,0.511268691200232,0.408415652265195,0.995574233508548,0.668560934588113,0.897532122494227,0.47825200447648,0.386480989411054,0.694772156838324,1.01599785167473,0.925818153593497,0.335729708959782,0.454252187196032
"Dnaja1",1.07954860085435,1.07045748842201,1.55337913152043,1.52650312856529,1.28415711116747,0.990031368278122,1.4572710981431,1.1615287123896,1.45654907850726,0.87872228117795,0.988109470059727,1.97430886726153,1.26321654677998,1.17775880220859,1.77708980490294,2.15439088844987,1.33620478304135,1.15190052313791,1.81597708979916,1.34522079120169
"Chmp5",0.24722457297194,0.311253521800677,0.605661905084854,0.397074000307757,0.269597438519405,0.256987063438028,0.289552099504299,0.296006861703425,0.602414497714757,0.261158075479313,0.280366822512353,0.849476463180238,0.394320790096152,0.386754627535099,0.243027436922029,0.9084046471425,0.3191891517054,0.306531793441032,0.369749586612922,0.294602734438238
"Jun",2.65070685947343,3.37827672470879,1.36050556560361,0.522228511615275,0.721886470557413,3.13527508024327,0.61956523578408,2.38354139050939,1.12602930535843,0.84444365404595,2.72704182561161,1.38631887880852,2.14621687302054,1.23384972807187,0.793955772419373,1.44762423820869,2.33402419376888,2.37064497632694,0.621109531434346,0.495122924216715
"Ppt1",0.621009391194543,0.887589152763398,0.231747395575447,0.288903831258815,0.438743002126732,0.898946537433729,0.262861207053555,0.767110284400136,0.277094015222054,0.385157508406391,0.864273629154981,0.281150930011212,0.666421530399761,0.417308239367459,0.342892186801021,0.257724795755223,0.780122884935123,0.892846069706653,0.208551529878988,0.204952265869166
"Casp9",0.0513703262983036,0.0668209297448473,0.0516206276507489,0.0378594494074297,0,0.0732474803460668,0.0190075859028275,0.055900017011781,0.0646326810113306,0.0386983773676737,0.0819728638354338,0.0411347021796942,0.0484483308506468,0,0.0466876308776669,0.0437512689221083,0.0247738845842304,0.0852252372781247,0.0284814877543243,0.00731098847375804
"Dffa",0.0221734186427893,0.0539378849111018,0.0449072989140225,0.0537884456524024,0.0462372747001059,0.0319122261941684,0.0268602109989702,0.0321361883723676,0.0578215550236416,0.0159386048643987,0.0351180324918389,0.0375686902027594,0.0485158144676166,0.0214402775295282,0.0353752107826155,0.0299380299544909,0.0314140305219581,0.0377016324756836,0.0353093040835814,0.102313103984574
"Hgf",0.115720512898641,0.014372118047826,0,0,0,0.0161730582698032,0,0.0905196305350564,0.00897344386088245,0,0.0177818403663371,0.000541561857309927,0.0813930459942472,0,0,0.00105772129328349,0.0258979219238569,0.0204741804026521,0,0
"Il6",0.0483436205300195,0.0525736193095408,0.00216200211738477,0.00942594933337716,0,0.0538178804028773,0,0.0262008814015166,0,0,0.0602912847163351,0,0.0175165134147536,0,0.00719424240800088,0.00136654369531108,0.00448605860131653,0.0600902242207054,0.00448942896126306,0.00820558469812733
"Add1",0.299632345560727,0.394501455103939,0.536749983322657,0.473699944018767,0.32323707884683,0.365090187021542,0.367487634733928,0.316186060984521,0.524324611305181,0.315838359550773,0.378030416238322,0.524137077855722,0.333685170311059,0.426666124752147,0.354737666021703,0.5108484699468,0.297253041754683,0.371949603684204,0.391044704380989,0.475007602834719
"Cd38",0.21476561979266,0,0.0523752043408808,0.256307913763057,0.856613629687929,0.00101313934187389,0.155526862150019,0.194876792228341,0.0749563175516841,0.753691255201931,0.000726309744049709,0.0273190431408018,0.203111867296117,0.613331469964441,0.181341642054993,0.0346567559166648,0.26149488349784,0.00166897776191712,0.15996961812764,0.682065090003761
"Coq2",0.117483095112546,0.184152008087563,0.138291536086698,0.197107529361725,0.200512542014017,0.177188273478217,0.172524369405216,0.113599544015284,0.172237420270249,0.075597593973951,0.163595243400399,0.176285869846064,0.101104850033539,0.163507659016214,0.182558469842354,0.218636214889505,0.138950927712635,0.179431915346179,0.161315650645477,0.139285871899823
"Tgfbr3",0.021563002833565,0.0120458811556468,0.71486709701286,0.104946218511909,0,0.00484416529136113,0.138634806264356,0.048338228029201,0.663455652299861,0.00421576978435624,0.0135055606940714,0.55418871440949,0.0959383995759182,0,0.131835712941157,0.529470712774152,0.0138363644755347,0.0175253263471452,0.113823797069772,0
"Diablo",0.0956028428449701,0.128214094812928,0.128910728680872,0.0951025897866851,0.10351813285386,0.117262940223361,0.162455980002513,0.0840329677221366,0.148804237549724,0.106517337116579,0.121775233061411,0.169721181973826,0.0934921893530519,0.225924632335212,0.106529406456768,0.196016999149299,0.112857851932636,0.115378022427804,0.135979884429147,0.103870976937902
"Ubc",1.72708529542202,2.10723233616107,1.37167248110059,1.06383745524573,1.10528377130404,1.89759705481403,0.811821547750969,1.63008411230658,1.32875664474641,0.9322820765292,1.74300932300266,1.51432731984645,1.5674179077513,0.987816375072544,0.83106400684753,1.56188334572334,1.64820942395959,1.62313888028197,0.922055719116289,0.892618857400549
"Por",0.208253969808282,0.172071481521173,0.304970332463272,0.252354305290475,0.0701989823345853,0.184564386803557,0.206059003586931,0.247750935912112,0.277327107502599,0.128125268257285,0.171461220066053,0.308533379893786,0.252470730357023,0.0871106519026442,0.122104207434194,0.306587346765392,0.32548410149103,0.187042948631879,0.161148352508463,0.152742139741759
"Hspb1",0.0526205616031217,0.0354596025217306,2.15130550967072,0.0540667079975399,0,0.0520451063443145,0.0285058188230608,0.0244514569729011,2.23826439051776,0.0265188955011133,0.103679630810939,2.77059488289018,0.0817764372864766,0.0725976196319489,0.0556825087943654,2.84102850979498,0.121676105357851,0.154479187592257,0.105024611947122,0.144370965445489
"Hmgb1",1.35305147785022,1.33635135112266,1.74570888786375,1.90192043857173,2.26235847230978,1.31397846298893,1.90564831759343,1.34030551569039,1.84844224041024,1.49984218217382,1.41538336049254,2.21624449747895,1.47159675553259,2.097590710836,1.94622820641546,2.26518349219749,1.59912908042282,1.36829920888325,2.10141942815071,1.71303556110181
"Cav1",0,0.00766165950511642,0.946378387830788,0.011214911018728,0,0.0108615976143477,0.00443622676744796,0,0.897700762942268,0,0.0257649635395968,0.886021754429196,0.0429913672689789,0.0214402775295282,0.0276732834266834,0.907740270392967,0.0323750789785655,0.0406461467982962,0.0244667250756343,0.0317017495601495
"Casp2",0.0456711297434982,0.0554810639868918,0.0554710844960875,0.0346719969975874,0.119260292393962,0.0353995709757816,0.0918487542639073,0.0410506088114047,0.0520098936725496,0.0835709036845747,0.0465110553590504,0.0573694942362351,0.0855160658251939,0.238933060130977,0.0698014159109554,0.0571688761270655,0.0333224071268634,0.0440767375726076,0.0684456304093178,0.162737924594
"Gsdme",0.267468702513033,0.282920383396344,0.00860181522473294,0.0609916114082719,0.177414045531386,0.25422968904249,0.0859754018283262,0.1971527909659,0.0174404814707279,0.126984478390042,0.252785643318115,0.0175990592217065,0.202672532446572,0.0208608241510014,0.0455026665210205,0.0145907461619321,0.121891886578044,0.222559751490832,0.0559672599146923,0.100860179777788
"Cycs",0.346485503252362,0.268153885314089,0.376143095169627,0.5306508969297,0.56698341475158,0.217270518648517,0.434829671553024,0.448523277786464,0.451028934319736,0.461500555535557,0.243456554972326,0.545531254724052,0.592592629412654,0.588711942619718,0.408885235807562,0.559755713290705,0.337202091190142,0.251730404218136,0.522215211156924,0.501982687498678
"Gadd45a",0.0346143354611508,0.0108586957428379,0.0328152112963353,0.0745516166313654,0.177125268743,0.0113974659044663,0.0174611519038435,0.0202839416969763,0.0499677475957928,0.0567095056605919,0.00863506302531695,0.0559490035765122,0.0494892708217367,0.129220360418956,0.00423490118925631,0.0712157774846508,0.0186790369811981,0.00755328020275728,0.0130314365553909,0.0285893570597561
"Chmp3",0.443446033140838,0.50596622263105,0.670619307994699,0.336177426168698,0.262256466226335,0.492202496430222,0.377544590774605,0.444356242856873,0.685871541941016,0.292384412810565,0.480744942825085,0.864503182853025,0.510022397071458,0.506848307944156,0.301668602523886,0.909045668352465,0.366371135006488,0.501218582555397,0.352520880148796,0.315613385829373
"Retsat",0.0366892401184795,0.0314997097098101,0.0163840751837895,0,0,0.0313245111928311,0.016691250148004,0.0502248402804288,0.0349800672840847,0.0135223566443325,0.0317100971338786,0.0222927232155223,0.00367078119488244,0,0.00719424240800088,0.0231464383374285,0.00628073192982451,0.0308921384435777,0.00388151499366292,0.0297388805027853
"Pcbp1",0.46552463954012,0.528523735305311,0.584621659092886,0.295204061540265,0.815947664376088,0.450163733826989,0.348443045336396,0.484102527129461,0.59546697539989,0.473493121360105,0.470879322910668,0.692256561793034,0.570966960942199,0.537045783566135,0.386763317488882,0.702372492688537,0.563243756799361,0.458204276676533,0.368121547255557,0.398632063073837
"Atg7",0.41628528319124,0.225459118104063,0.114230740258039,0.122892014462846,0.0886565697001419,0.162061780456618,0.184242488132896,0.355969714879988,0.0949065062047785,0.153104222898776,0.176984085902017,0.0763898145053697,0.43447288656228,0.207539754654545,0.155571255981903,0.0676830206132779,0.349882392066274,0.196148802732976,0.10570771514023,0.0380375030234694
"Bid",0.0822195556230436,0.184072160757898,0.00522292393602453,0.0702513250623341,0.0474133285691704,0.151965413291914,0.084228840017662,0.0412390666387015,0.00569567884164756,0.0904657165850423,0.164719477563102,0.00786747664470759,0.143263934889676,0.169390149174663,0,0.00528159137163693,0.0755342175401484,0.155834746704895,0.0590408869253832,0.131977172170495
"Lpcat3",0.124154368291688,0.655333283136268,0.254285513735053,0.237548230595706,0.110806539245759,0.629787810577128,0.156836243890803,0.143844086721363,0.258750786254913,0.130975823762855,0.616174854886234,0.276392083141123,0.164641595544425,0.144356772571445,0.203982930957233,0.272265896002423,0.160104648300733,0.593764620306638,0.17969883910182,0.0718524490180966
"Eno2",0.00484950103069419,0.0010052292787142,0.00816533274144905,0.0158453370192643,0,0.00275085598397639,0.00515004113238074,0.00316761039536529,0.00604452337684343,0,0.00233306750897423,0.00276882074849767,0,0,0,0.00673176987988184,0,0.00193832492104405,0.0120068510236988,0
"Ccnd2",0.682745794900621,0.00329199227128542,0.166028695866306,1.66099265767285,0.213195651614335,0.00564120518500984,1.26849431115485,0.526680353520637,0.14801637251918,0.228564539611634,0.00386842847827101,0.215588362472127,0.19092863848486,0.116936032117644,1.3636191967079,0.209790038536548,0.471432937522124,0.00722807191649898,1.27628631231732,0.11846502412928
"Cd69",0.0687484474997356,0.00321600894955421,0.00237799641453586,0.766675029586808,0.645517911881019,0.00484363950659848,0.66886426406378,0.0800434311264954,0.00577466750461927,0.364671675233016,0.00344944047611535,0,0.0764378862769658,0.677054467902742,0.605008458081179,0.000581976788944987,0.043694327954514,0.00485407646320891,0.619929728313815,0.580317418094102
"Cdkn1b",0.509226735452269,0.298767268748014,0.491582221450891,0.853704903428529,0.514514243719425,0.276919820271734,0.724283818679976,0.390561277411619,0.491780507630567,0.568898102448928,0.269282284504577,0.525608470216681,0.485229713113464,0.370363499227112,0.798327037967442,0.579702289771158,0.36649433049628,0.252621861785827,0.71494459097755,0.497010810670957
"Emp1",0.0108485627814067,0,0.0354376022938137,0.0234420699169464,0,0,0.0236298673888965,0.0119596910939723,0.00785421746010209,0,0,0.0099424247831282,0.0204441101698986,0,0.0645384524263309,0.0118365259881232,0.0149659464618147,0.000157755223554076,0.0462297243989288,0
"Chmp2a",0.52568812345818,0.347254995993058,0.662514072410186,0.555760666560957,0.300758518266303,0.389687749014534,0.591846090058369,0.600632753312095,0.844525142900353,0.492733914678769,0.415899705419232,1.01143366557874,0.709000757689102,0.298673536322823,0.601352886822889,1.03874833477038,0.621184628493148,0.40879975945872,0.659909237374858,0.490787692373165
"Slc1a5",0.145919397744791,0.0243295970455356,0.0200910156530753,0.186895583482497,0.701678212306486,0.0181920767559494,0.229036687000572,0.0949681236116089,0.0199724788339086,0.249796940783118,0.0157655550585721,0.0157364797043355,0.0927020622748326,0.391316312490929,0.193362054822831,0.0160179035139683,0.0530749266366067,0.0114872805982971,0.22277294330552,0.358538624920579
"Ftl1",3.01103634093732,2.52071578395146,1.67907817749051,1.59860559472894,2.52653708869765,2.5350312534979,1.58744614847541,3.16292397376685,1.88598858038228,2.21827381249009,2.51625144015897,2.25139738598651,3.36468770313062,2.45101319080925,1.64201684518594,2.25570883080645,3.5098436310699,2.36450231224675,1.5233503683764,2.18767919750006
"Bax",0.383952265079023,0.329435612187881,0.305319099334435,0.401974193417773,0.633560686734133,0.29925591394487,0.398964540885653,0.408617047770777,0.326096535941509,0.316467002057857,0.310370405430677,0.44320004774032,0.46741166648514,0.421109846282801,0.524831772559595,0.475699647669134,0.418190115244837,0.303445340684623,0.382379697700155,0.363156451620255
"Isg20",0.0980891191902212,0.00923634892653963,0.0681717689496661,0.187660928122125,0.102835226523049,0.0189536029556778,0.277965498597441,0.101442192435358,0.0885927235657506,0.079975566472197,0.0184047297516728,0.102190044755909,0.0623035191484974,0,0.139622604259918,0.114700861163802,0.068853103985486,0.0240618877340614,0.254439246826004,0.122319105183643
"Pak1",0.475599297383064,0.49837373774411,0.0463157485231896,0.0501105050249901,0,0.46721676716355,0.0269391190740136,0.526424917237175,0.039306913426907,0.035533774642482,0.47524499778109,0.0221893914398151,0.370424718517487,0.173108487725147,0.040265060871846,0.0221387112574201,0.513561185900664,0.468241109264979,0.0252536876055924,0.0383162245821022
"Wee1",0.011985117475858,0.00488384500490859,0.0542689235876554,0.0312265898001111,0.104284618215387,0.00274263904664212,0.0191347980656933,0.00194355465761071,0.0385491350594004,0.0289877446397117,0.00558558468907259,0.0646058629202247,0,0.0392305604661698,0.0336676385926404,0.060342179437474,0,0.00697488268410898,0.0367552790817498,0.041732458826945
"Phkg2",0.0768969184329704,0.114339005071954,0.0506084687232702,0.135852915121634,0.266079281815612,0.120249633123265,0.0751856993567213,0.0916074805819761,0.0537786900843,0.119183108592717,0.100764410233379,0.0555044861857154,0.110270135417792,0.0843051216459219,0.0945911406005873,0.0629111166677568,0.113003756351284,0.1135011519174,0.0850292881434239,0.113143197571506
"Mgmt",0.109570652504223,0.1478670328155,0.140713966619694,0.0146642597074145,0.231546853279029,0.163140269520837,0.0780826068050838,0.157147800880815,0.155519697737042,0.0901605260523779,0.16196495141159,0.119243338371823,0.153316545044438,0.0208608241510014,0.0225735629718967,0.101276362117426,0.15088600366255,0.146406688748357,0.0375215562052445,0.30022431784468
"Ifitm3",1.47682350652452,0.0928629161204862,1.68753564746424,0.142383806957754,0.112560944753574,0.143930821672045,0.0802623012236682,1.60427121335034,1.74683176096211,0.0837332325731776,0.168769958812306,2.02514406338896,1.65791978014821,0.193667659898078,0.14998010297461,2.06821026873236,1.63398136650543,0.191922550354067,0.0560094779294775,0.0823781615530233
"Fadd",0.0296938245355228,0.0414819473926978,0.0284050951853574,0,0,0.0392096854579996,0.0183522145172343,0.0112248097665764,0.0587045897153907,0.0437784325816186,0.0343109808534718,0.044676615982826,0.0332832217252226,0.0528254140867067,0.020572713535457,0.0404782458248591,0.0315921385672511,0.0289888780081895,0.0417872825261891,0.0817307628802919
"Ccnd1",0.857752892472748,0.435910551047989,0.159050857248818,0.0207828674355126,0,0.361145920485351,0.0317014661027604,0.756569029026763,0.198924621250502,0.0710127323038011,0.353276210502462,0.254640480636623,0.640835774088281,0.112666008704465,0.0354329775477313,0.242495514106446,0.946432266266935,0.312618965237755,0,0
"Vdac3",0.332295639696002,0.314214415447745,0.566836425884135,0.337394926612184,0.371567083672893,0.258021021944049,0.256589182845297,0.356698781109486,0.572305170360026,0.335880625442266,0.288087018987258,0.734515233697897,0.412888306381424,0.341069306813995,0.320762886419567,0.771328011054625,0.41955061534681,0.300696059605358,0.277133747167701,0.333260831900105
"Plat",0.0158254260747766,0.0127660955418086,1.12838937768245,0.00670994503247542,0,0.0109287330869052,0.00518834982618343,0.00213043694238033,0.995969419051311,0,0.0302515629471553,1.14183867917285,0.0364192958904768,0.0214402775295282,0.0197823036858955,1.2024743927166,0.0221312898881688,0.0434211228723217,0.0226256994545642,0.0874686616708126
"Gsr",0.377812069920115,0.0954507810905119,0.216812237933862,0.0573444198039181,0,0.0988460018519891,0.125022127358065,0.267047611642229,0.178311931322999,0.0110797029969571,0.0890402761853648,0.191065434088942,0.599418199756308,0.0596209287303343,0.18580781706937,0.207476977219702,0.247421464546823,0.0953016570367947,0.129401428500918,0.0155165731718854
"Acsl1",0.344519731919955,0.221944924311798,0.117257854213481,0.045032860787779,0.0842080964955452,0.18159357688597,0.0482028421137321,0.272716873514068,0.0986285669089079,0.0323540529973548,0.219144541974328,0.116608654182985,0.321721221085947,0.121846113300407,0.00987711285736408,0.126243864038669,0.20791931341932,0.210301501499999,0.0534170592903384,0.11482650532347
"Casp3",0.129110467016717,0.151720482984302,0.014517782471065,0.158485199017562,0.115423789600402,0.130279133848242,0.100388452363092,0.127718958340979,0.022179176290324,0.0982223055819071,0.122388288208062,0.0235954070613745,0.124941457808537,0.045859956550923,0.0987712292782253,0.0206263921310865,0.130881513915395,0.121765573557666,0.0949200445394702,0.054765627684666
"Irf2",1.11424521442014,1.21177660744455,0.957081670904294,1.1174872645267,1.04901173935153,1.18290188672673,0.80882161188192,1.14908523986724,0.923390280347096,1.10733523194898,1.14090864578746,0.906134634764034,1.05588487934518,1.24524972123629,0.922676155775726,0.897955034812962,1.04902544904334,1.15139175693637,0.99975353551915,1.14201663082593
"Hmgb2",0.592237772913049,0.314313993054842,0.38164354508767,0.926155986721383,0.695760660384411,0.313151265889874,0.875519456582237,0.506166384752184,0.375796807354478,0.495137934143599,0.31086752403201,0.522173731931313,0.720411602053197,0.783563715700434,1.04694242703323,0.530009929695171,0.611317906124745,0.25894502011185,1.08744571171493,0.584859084746563
"Uba52",2.30858153784563,1.49600765702232,1.75952375997943,3.25560578201471,3.24177243930995,1.35869827894887,2.98904326414316,2.02211847345662,1.5860097731822,2.82985606093312,1.25809131185782,1.77784978765381,2.10856915934877,2.94178387851582,2.93062425962389,1.66483531462743,1.91154960338491,1.21091435229434,2.77750855877897,2.65878360361234
"Hmox1",0.331096548157702,0.272077544457257,0.0245304250629779,0.0347753297314955,0,0.315343372846381,0.0273424292860546,0.262073892973681,0.0246272174072825,0.0401759227705327,0.233406496916712,0.0256148590960163,0.395299265922332,0.170316238119254,0.0433313679136621,0.0278038113487304,0.511024372888879,0.236731618560608,0.0347753652531263,0.0257412324208156
"Cyld",0.437218841384732,0.505129830839571,0.225871041079997,0.820475995006838,0.666939450433692,0.483098644931853,0.698557528124302,0.330964945722887,0.199867800289503,0.557106962613689,0.49003239171192,0.191099378475791,0.382817001565058,0.439082149260723,0.836037493889124,0.204393298433209,0.366021900418181,0.488142395283266,0.743931818516219,0.542704327436451
"Mmp2",0.00718574227011827,0.0521071025410856,0,0,0,0.04263147345129,0.00299845935625948,0.00212497696381642,0,0.00899199398756336,0.0420361897775781,0.00100800411750327,0.0130000436473103,0,0,0.00157728088173512,0.00628170645134206,0.0465813817166889,0,0
"Tradd",0.0797904513729276,0.0853719725948054,0.0644705914712296,0.106618116513807,0,0.0501707136634007,0.140307104633034,0.054117457854461,0.0782736964079233,0.150377298054406,0.0664523033969678,0.0829382206075269,0.0580529252748142,0.38213357466326,0.162121805366797,0.0786535009500204,0.0861651990318426,0.0677670117746083,0.170531656378675,0.0600770110727664
"Mlkl",0.0177303851123345,0.00316484039152835,0.0636730892141774,0.0707619373039626,0,0.00730466722650339,0.0086702991091555,0.00971822295775157,0.0755145889873633,0,0.00338364758215831,0.0546503416138377,0.0192336478909466,0,0.0258554342427296,0.0619428075395322,0.0151298342790075,0.00793289101759245,0.0274265191709884,0
"Map1lc3b",0.409982237598514,0.417393066011483,0.67954058507838,0.649514728774814,0.994355195079013,0.400850331396562,0.608092949796921,0.513545478237119,0.768762722870529,0.661509698432384,0.384857893219984,0.983631089566124,0.552552788268292,0.707061364881654,0.736576693633196,0.99356832052443,0.503419350778355,0.405736466142427,0.648939151676343,0.558878510926094
"Casp1",0.370775756385015,0.228123430998268,0.00737420701550807,0.31826544773773,0,0.19526284861849,0.31613837052705,0.216257590487302,0.00867192399115522,0.220288091261115,0.187411155536661,0.00782427131857605,0.340391736499999,0.132790222829098,0.270593145143879,0.00790446765035709,0.30512621988237,0.188321971418706,0.326803235058433,0.177203267369607
"Casp4",0.491990765598654,0.700393956781919,0.0589403432091902,0.159841676868816,0.302459818784424,0.661868324397294,0.277080750401421,0.43017294786658,0.0363120709909023,0.352278857138004,0.440222036264484,0.0292132470128434,0.327128821389986,0.159017501977009,0.112974269368142,0.0304956525295651,0.245547467719024,0.357489397945241,0.178436301539496,0.140414011864934
"Birc2",0.254813280948525,0.243846771328379,0.208917991392468,0.370208141316594,0.370683442980902,0.211538659560229,0.363408413986018,0.250559522707015,0.201627582860166,0.32581538493903,0.206241992283313,0.200180818772985,0.194697946232897,0.317739443761472,0.268547670305644,0.208282693799375,0.172492151849227,0.200658413331674,0.34173258281391,0.266084951242873
"Birc3",0.830590735859931,0.599758121703533,0.197219403542207,0.414232090898344,0.873920391691371,0.515578472970582,0.403254482061999,0.756492719067429,0.180656134698077,0.802236710720396,0.344980561606756,0.142049658516621,0.834469074904966,0.749467111250003,0.361171473484682,0.138511935997347,0.640454259664288,0.322046344475609,0.288392599765563,0.684215420288198
"Cdc37",0.389438683063099,0.370698057470193,0.529785682343964,0.598999479136972,0.54952276828964,0.380911589638885,0.57361662443382,0.407963470376507,0.513720614717341,0.450655397481342,0.360481465160867,0.618276397320318,0.565642668718016,0.633387214489661,0.627653597648488,0.655154715593388,0.514727926217675,0.398436142369157,0.53307826205275,0.432173831111046
"Fez1",0,0.000811496814911327,0.0823927706973033,0,0,0.00298020166266673,0,0,0.110505466364073,0,0.00157647135340647,0.117712889949372,0,0,0.00507047229475289,0.138053715000305,0.00745412807049307,0.00447756001005319,0,0
"Sc5d",0.132327298856722,0.0392271497646068,0.138227187453844,0.192306317659753,0.0825206342617267,0.0555330673601018,0.135145426009617,0.0791544695550566,0.124324519590383,0.0397319719170763,0.0590387590919579,0.147772542573221,0.132678473647542,0.0869171415788435,0.148603946447762,0.161271848725541,0.094525665352144,0.049978957417384,0.127440552928303,0.0391382235951329
"Il18",0.308726431864869,0.424103153053343,0.046420531464942,0.0663564470217511,0.155616064155622,0.402515885845452,0.041071324217053,0.322959417519842,0.0703805296009229,0.11090506049018,0.435398893470603,0.0721459531015354,0.219669982603516,0.171114736848756,0.0386264208790926,0.0653300023195459,0.280762318364358,0.404279114322265,0.00672519626581752,0.0395631104273576
"Ireb2",0.184808088048648,0.357058069907189,0.276353229769998,0.227177078292246,0.186664633656371,0.294731761137507,0.205179523167665,0.188472727379563,0.197353505827943,0.14803565498619,0.291417699905325,0.158647386207461,0.159807276203452,0.347941948598687,0.0917515299654909,0.164426631319565,0.151093822896441,0.308200914855728,0.181392376549379,0.118966628463911
"Gclc",0.22131171423705,0.44210443763426,0.0771637324875828,0.230254800590096,0.1681798253932,0.346079906158693,0.226949067549715,0.122943688580241,0.115107312750003,0.117952615586033,0.323658144859798,0.103423296605034,0.178851235200521,0.240573357957973,0.193484307306952,0.116773024761439,0.204917495842706,0.346533014384069,0.166731164234654,0.255964026181964
"Trf",1.22492255010175,1.36877734853529,0.0290237462443173,0.240768155857989,0.0428624683323287,1.39803721233508,0.146707299475146,1.16594778165118,0.0514679349668635,0.26878085626952,1.37674220591963,0.0337652821894016,1.16627819239954,0.224316696886673,0.206261731229067,0.0351949691094881,1.5850792838837,1.36456669709294,0.0808824832243205,0.115188263820346
"Gpx1",1.42390249650277,0.764257154811843,0.731693302685569,0.279202373734744,0.645212567409577,0.724285026888137,0.352804724403982,1.40850012773256,0.788952326978097,0.673885234927605,0.728549673258337,1.07004200317943,1.73807987641102,1.24386978700624,0.360784578864634,1.00035257847302,1.4089802045207,0.706420432029592,0.332993385833853,0.743551639923923
"Pdcd6ip",0.432989371910031,0.40716689707188,0.496012021052653,0.601784700895281,0.669183702956101,0.347519117881019,0.539024013432352,0.345186070735014,0.370329647709296,0.166720212615227,0.349509085315543,0.403088471702672,0.348778112847418,0.0837619699917782,0.565855782408065,0.407051099935132,0.399701756809333,0.395779109271628,0.531648050661935,0.122536861776323
"Ctnnb1",0.335530111611391,0.449240577776753,1.3257912578796,0.276694846692342,0.188803063949052,0.367105705063528,0.287819845438628,0.284433833788803,1.29274784841609,0.222776868938213,0.35113217731804,1.45714429583688,0.341055563610393,0.313434551424107,0.168854437571747,1.49122479766227,0.417729976789178,0.377035096473096,0.220694776042783,0.296960363872972
"Ifngr1",1.22808643789331,1.5073265886287,0.209956522627478,1.88193346322156,0.290024847018543,1.39633769549585,1.84782661919413,1.11111935102533,0.277890959347649,0.407012016987136,1.45187133246482,0.297309507811707,1.33285016745518,0.38505278435392,1.72814997516959,0.301800416968095,1.05478657595709,1.42611032253053,1.40465992544044,0.25709034535603
"Atg5",0.162595802385708,0.41162824542135,0.285552241947544,0.282902815161628,0.545076778822905,0.416794834538621,0.325568745698893,0.295298867974212,0.269501242457712,0.302565626555679,0.420609408465268,0.307938842180117,0.340689841855737,0.15304868953552,0.205521256499833,0.3162655695816,0.314381576116912,0.422898005606815,0.330138183792293,0.199333344544562
"Prf1",0,0,0,0.46677536058365,0,0.000865655913999281,0.239102049083617,0,0,0.0143301152447153,0.000231412731577056,0.000317797074321337,0,0.0200899089630261,0.277786662589409,0,0,0.000632766628308594,0.253331899140025,0
"Aifm2",0,0.00101340506914494,0.0309639986174078,0.00942594933337716,0.0413308050640065,0.00339342936234482,0.0082798537958536,0.0122076810717416,0.0375086071279934,0.00193243310048462,0.0046194202162601,0.0390592463239514,0.00833333377505771,0,0.0289471367165837,0.0335155710362403,0.0498782101461588,0.00304694732361088,0.0119185379028434,0.0193317126833764
"Cisd1",0.0967614146899004,0.134648349302995,0.213491885488162,0.152528806112967,0.452327193832379,0.11857390785967,0.147782922639475,0.105061035791567,0.283324373374361,0.125899648141393,0.134574563150559,0.308621599139781,0.11866178972955,0.0968304011483292,0.0610666189275406,0.329450650279911,0.152005996138071,0.149219478946257,0.146438536840081,0.1016925154492
"Gpx4",0.715415711137782,0.642223270368797,1.22767597446176,0.96869299678911,0.994316367507086,0.587688553357888,0.917848023037538,0.802252446647954,1.45970324503358,0.86476702678342,0.684567626607305,1.71549206398739,0.921810092770281,0.960141172187192,0.973105190363013,1.76208306939456,0.795603544251232,0.679004001104797,1.0050179979147,0.866532402398283
"Gadd45b",0.349354394798176,0.0797796080689667,0.0698480248975761,0.359053590409607,0.208547891670615,0.0866718288544311,0.236700558823865,0.337448140342787,0.0759569612088447,0.0982330248195289,0.0648746856138396,0.0908623298810809,0.412150594992038,0.157460782470167,0.296240426047241,0.0962306745860588,0.327275075260789,0.0447621910264761,0.209523700303643,0.109180546636369
"Gna15",0.417528288310891,1.01144219792462,0.00834381246563584,0.363634038685043,0,0.864062686188176,0.193528662388707,0.340272258505621,0.00988360338541925,0.11428570405769,0.913377833698663,0.0173325914545558,0.377877850152896,0.198721411205971,0.137983680272609,0.0164956899107308,0.312585343492808,0.936687788974638,0.19261812317986,0
"Txnrd1",0.249647273057579,0.184068409811813,0.140750355418845,0.265955871909182,0.214998802090846,0.168200989960428,0.251295354155157,0.145718198674764,0.139636870730248,0.145889120693715,0.144067932693534,0.158047213547161,0.263373644255363,0,0.196954708821722,0.147894637463488,0.135989630191893,0.130392245853671,0.177786975017236,0.285946011316812
"Timp3",0.00719315511022943,0.0150652638707431,1.37328779751387,0.00670994503247542,0,0.016476362533673,0,0.0198160923976432,1.3296865692542,0.0127679067358856,0.0413689651856923,1.38725488412272,0.0500756658940586,0.0575791976905406,0.0231538420829155,1.42980144426546,0.0255884730453215,0.059262359904501,0.0320764950767959,0.0527543294304777
"Dcn",0.00374819035962265,0,0.00250939327886237,0,0,0.000503198550837074,0,0.0157497036419958,0.0115004472925071,0.00479130597956003,0.000474739654870145,0.0102361091443099,0,0,0,0.0118562907088523,0,0.00110347164607214,0,0
"Ddit3",0.29172563205109,0.203695542278436,0.0997384771768146,0.173904961195848,0.232097605864809,0.189478123734269,0.197526024296862,0.189168670328893,0.101041437513482,0.185783915418312,0.151635197460119,0.123387473647769,0.238905001122068,0.102679210259924,0.254912271424043,0.126867419498557,0.235051222140828,0.14609486065895,0.204914308932175,0.131802118174319
"Cdk2",0.0981237227682617,0.0491302022217696,0.0687134183258293,0.0398660485767524,0.10664146883519,0.0439523386781753,0.0247281177678946,0.0294329037036769,0.0352418115952106,0.0300092656247903,0.03868119389189,0.0498948990127414,0.0418252312497881,0,0.0255146322652066,0.0371820815670593,0.0503863473257382,0.0368681407896552,0.0254096455103747,0.0364101696131246
"Nefh",0,0,0,0.0325138092832823,0,0,0.0572128754007399,0,0.00539657104089878,0.0103562693059281,0,0,0,0,0.0810701830285567,0.000324098318732346,0,0.000603964255873543,0.0344098232990756,0
"Ppp3r1",0.180286025356339,0.207225048825294,0.182728497026303,0.16575916843164,0.173100173728846,0.202261182419241,0.168817921012295,0.174124492941383,0.147838132360809,0.171267053520097,0.210834590336607,0.188832311554671,0.189846584448716,0.0861108476026952,0.181073078024901,0.185947228669969,0.175366803894021,0.202856047298423,0.149117790431765,0.162811802906562
"Peli1",0.634545738527737,1.17820127976546,0.874956104122304,0.943603541225303,0.707176066459561,1.13078684251872,1.07333641543144,0.64566106673885,0.716859304959698,0.501218111455823,1.10118535150694,0.650707973075196,0.643134414332462,0.900484368574521,0.954944155019175,0.65407324641467,0.629029913837684,1.10305778223777,0.839649153914623,0.460508751806221
"Rps27a",2.64183829002171,1.98322729370858,2.063060395966,3.18339749936629,3.33108798878899,2.0400988020263,3.44000358366487,2.86022759599855,2.29468891030676,3.27302870285077,2.06290928244653,2.71851204148646,3.06741278628121,3.47145142573303,3.38293614705139,2.74521101149586,2.94799429675201,2.09489313587151,3.444138283058,3.42840452446626
"Sqstm1",0.784694294691836,0.962577916997349,0.621905247968121,0.621887277351815,0.648058250232745,0.931515109275384,0.497131495007903,0.83460281972563,0.619401439293358,0.556349211857427,0.843857099728836,0.719240093072043,0.785299898323464,0.455748706693216,0.462792880555926,0.765855498035987,0.824437065739968,0.652362632788932,0.449180496803332,0.45458711490361
"Irf1",0.543622514939897,0.488033654078631,0.363466463378534,0.423548510005473,0.261812635600577,0.433358167662544,0.442843135254466,0.474156892073069,0.336286625027254,0.265016240666537,0.31545989820703,0.397581258569861,0.356050899526877,0.613108341192634,0.41152747446953,0.385454582616642,0.521672502334835,0.287417285725508,0.377239463888409,0.215454928088873
"Acsl6",0,0.00302109761920885,0.0782325516359356,0,0,0.00159683708643259,0,0,0.0993604124167988,0,0.00307958206032958,0.0695746366245502,0,0,0,0.0809585742166548,0,0.00320644748517268,0,0
"Gpx3",0.0687554610264354,0,0,0,0,0.00155091334950654,0,0.0876697435993081,0.00230647474881835,0,0.0016001024372243,0.00233423461022685,0.0617106998025344,0.0200899089630261,0,0.00157304160186266,0.120998620592884,0,0,0
"Ubb",1.99952249497993,2.10809653588413,2.19348629512612,2.51020515231615,2.81529613230124,2.01805929509009,2.50062239826703,2.17129767666074,2.28316200966771,2.4236935746119,2.01211713735753,2.73409110090248,2.22073734528354,2.60477401915117,2.58561235609101,2.81156987055204,2.34974532372226,2.00897975827355,2.5973414109682,2.53556476749935
"Trp53",0.204291189939636,0.34593204437743,0.146550423123412,0.39092294982446,0.635964373860705,0.308679372180552,0.255610128721291,0.225405761277019,0.152250236770839,0.208534864611706,0.292207634842166,0.213776943247007,0.254692335401069,0.322287001717247,0.272286372920753,0.191947704862633,0.204790517955658,0.282750054384275,0.27893556572418,0.234927125506674
"Sat2",0.00925206830080183,0.0228275435565259,0.0113149611361765,0.00874747999596346,0,0.0174647343532087,0,0.00671142818817673,0.0212061677153921,0,0.0181526736074719,0.00906001920294185,0,0,0,0.011746635637695,0.0101141103322454,0.0135819378465425,0,0
"Flot2",0.0779401259972178,0.0620430798564982,0.0647669487114076,0.0792392889003284,0,0.0662780836270903,0.0554207842526814,0.104650902919522,0.0514749651692198,0.0555423746994761,0.0588549584900994,0.0520708978274575,0.0763599457620629,0.0904766713808849,0.05351871636296,0.0632391156908369,0.081692228652638,0.0508651292817538,0.0841138167556232,0.0809988089543867
"Erbb2",0.0115720274083153,0,0.0393150870260434,0,0,0,0,0,0.0404358491990785,0,0.000585043202219824,0.032932603989787,0,0,0,0.0343988657478541,0.00537524152553026,0.000518752479544414,0,0
"Rara",0.20197722991535,0,0.0633882145345224,0.202122464418946,0,0.00132194507469454,0.112899716987217,0.163876909405869,0.0961983673347022,0.118720086519468,0.00350732329181286,0.0919989154831682,0.233793225487545,0,0.175198422026866,0.0986479382940196,0.107743050723318,0.00440680108405422,0.123977568699491,0.128826024863121
"Top2a",0.0358466799987557,0.00314634764888959,0,0.144339008502428,0.198616645487171,0.000494899565489531,0.109714202441615,0.0218086696602181,0,0.0529381330771663,0.00326151521942163,0,0.0236160283327076,0.177082414354348,0.0363205276221747,0.000282611133687832,0.00965698108461509,0.00340154509869311,0.0869250731627529,0.053706638198968
"Brca1",0,0.00325610158197015,0.00082186785279161,0.0441369208831101,0.0462372747001059,0.000775958682435616,0.0303480517354082,0.011569448781957,0.00298724207931136,0.0261336861773482,0.0053383356753475,0.0034725672771032,0.0068950384669709,0,0,0.00217846665024715,0.0102781208119283,0.00434771096789185,0.0115545887255344,0.017064943260593
"Fdxr",0.05488805953447,0.0829695321833524,0.0373614562669492,0.111352527316255,0,0.0642007321565373,0.0868904848174763,0.0348264908389607,0.0301831033687491,0.0807793187436234,0.0747531126214449,0.0291947822124606,0.0683500155642545,0.0419150654685974,0.0465976785952746,0.0245426555474826,0.028864137099092,0.072055269378544,0.0600379930324962,0.0486511634392048
"Timp2",0.640628290602513,1.11383281260241,0.0397187779090554,0.145093393333364,0.0474133285691704,1.17513799707731,0.159271244150023,0.697430982967465,0.0515258935649788,0.194274611520465,1.21457744843926,0.0564817710526439,0.80878218282092,0.450312499665872,0.178926511359602,0.0530146582221759,0.915046746518971,1.19306957036798,0.108379840673254,0.0378443046179252
"Chmp6",0.0740217242018656,0.104343668669313,0.119629903589347,0.127108393167484,0,0.0975234123618256,0.111307277939819,0.0776663602780488,0.134872904814589,0.0561315058591279,0.118858305902915,0.196285293131933,0.112888397719529,0.15932731727305,0.0629961558023222,0.17900018180639,0.165256581376119,0.107858412052885,0.111394024765495,0.0611560117281158
"Rhob",1.02100236126493,2.46953056996545,1.10184818494184,0.320458115868071,0.223435298347406,2.20375855660067,0.184439070126772,0.917895453905269,1.01661874821133,0.387461367171124,2.12824464308672,1.27588953103652,0.846696395332468,0.409978572879607,0.315553437049257,1.24712002763853,1.06218421226792,1.90067183307141,0.215889468052042,0.239232585625608
"Psen1",0.289316119623533,0.425636252433509,0.143442115609796,0.333150955680861,0.246387859535257,0.380045763172908,0.26623894303773,0.284588605459043,0.141257829279525,0.231183179362882,0.361671487866868,0.130822851812998,0.293110662637327,0.230786085625426,0.23226137008464,0.133199359978706,0.246371105003465,0.394270125316191,0.240956143149908,0.156125805114644
"Hsp90aa1",0.928230719630041,0.870643523785406,1.02156555474357,0.997228230813868,1.04383544867411,0.997447182544508,0.844432043702065,0.886518371636591,0.928668561900813,0.780928654440959,0.791015818638048,1.14508902122203,0.878567348699518,0.943228802914261,0.948279480930826,1.30990439522784,1.01565160398383,1.07760064949942,1.12726323739041,0.877890759902937
"Ripk1",0.375642646118056,0.28951841668028,0.250841292113092,0.206877959044322,0.0489195329992382,0.24482454058622,0.176688509261139,0.373977010784851,0.252458059562964,0.175153934142524,0.257872217948828,0.228771221808714,0.331030438086176,0.1018533167223,0.197272083343737,0.230007249829362,0.293882679068312,0.234671375118968,0.161723227046744,0.165013819678595
"Nedd9",0.79805696709485,0.0322254529114319,0.600955294960623,1.37300628587594,1.26492592581483,0.0270430537884348,1.01533104281915,0.573647042145546,0.537804663399947,0.85777276877863,0.0257238014722938,0.445356784878064,0.633626296602408,0.956619333938602,1.10095029872498,0.472292040887532,0.369308282923603,0.0317148595206485,1.01533150871721,0.807986866695682
"F2r",0.00223392194715422,0,0.00250939327886237,0.33102398832513,0,0.000691987688645521,0.160974777318327,0,0.00784998061648889,0,0.000371221797618828,0.00497935970363092,0.00796992119201625,0,0.258433979452232,0.00585002328250783,0,0.000720886378917257,0.168107446406041,0
"Hmgcr",0.231468293102146,0.0801429785826486,0.107425710088217,0.140148360167272,0.198693238506387,0.0639023648837722,0.101295693243933,0.193601080943208,0.107077253943995,0.101647531192189,0.0716924498645427,0.101944622819203,0.17770047905194,0.116651880070331,0.0490150616243921,0.125502622952586,0.194167660546372,0.074711395789116,0.103140084321876,0.101334790777264
"Vdac2",0.531636848627354,0.773958004793233,0.537643202292652,0.512249311124283,0.610841563001058,0.680420600575668,0.469783500718524,0.558745981522373,0.582932459450476,0.561336906925676,0.742123862241418,0.787556222463569,0.769590195148444,0.688901688258114,0.653025445601883,0.805403773703341,0.62598675912951,0.680864534933989,0.549895990698917,0.484552456029039
"Ncoa4",0.171105886957002,0.242041481583375,0.292845627007142,0.121325223499543,0.0413308050640065,0.21278026142455,0.0722366583379288,0.147212690993855,0.307561532367065,0.0763091370205077,0.213809228145807,0.300261726565882,0.282814131479794,0.0918899117044766,0.165127019318331,0.31058285593426,0.211201071668445,0.198523170790468,0.124706607506204,0.063285220549244
"Gch1",0.443172845899828,0.122690372937222,0.633737851174095,0.321446053774453,0.21271668610007,0.127755806431174,0.303282214491192,0.358099218942234,0.533825012941269,0.293278171960839,0.0991684659567172,0.575442557057519,0.339466364107622,0.223848458488897,0.228906198865342,0.64365760757022,0.336792058209094,0.0891117112252902,0.201991785978612,0.214809103038659
"Lgals3",0.610526339270913,0.00912706813547637,0.00153536868150447,0.209701469577586,0.0832608160956798,0.0310419776223096,0.202946765488186,0.913371097162977,0.00427910846789349,0.195819516630777,0.0281555091150124,0.00219063871874281,1.06665246789707,0.0200899089630261,0.150539154650466,0.00331598756714623,0.592349438512706,0.0195162729575002,0.295438470975271,0.0547316071074894
"Bcl2l2",0.0408254249755482,0.00994995665067256,0.0402502528834254,0,0,0.00994791454704383,0.00425840275981631,0.00516603568532045,0.0255030189617585,0.0332238099197748,0.00883752263306938,0.0450342914299747,0.032539082638801,0.0551148653299003,0,0.0372474479599125,0.0118589383562036,0.00856618653988609,0.00259429083629928,0
"Ripk3",0.0196135497404608,0.0130995814774964,0.00956474644754842,0.0141627915499947,0,0.00993487290401784,0.0143585605616352,0.028353308814463,0.00738002373065074,0.0156528925527851,0.00816029681395134,0.00470300209578445,0.0300300918095149,0,0.0278557041804727,0.00673974913457795,0.0206626930481807,0.0117890174145571,0.029726491266679,0
"Gzmb",0.011924221976287,0,0,0.378175616438398,0.0489195329992382,0,0.124426244727769,0,0,0,0.000346173526227121,0,0,0,0.212236054640805,0,0,0.000234816423558998,0.186006173224941,0
"Fdft1",0.0955846191287277,0.0181274067732993,0.0701345644350754,0.050928459165132,0.0362833595616208,0.040674766383454,0.0617442818266302,0.0662809190880944,0.0828632718919824,0.0362526883026751,0.0363159783150905,0.0719790262238535,0.0727818663981642,0,0.0426409282334457,0.0746560947144818,0.0458986556287283,0.0289626321158543,0.0316513877193718,0.0352080580002436
"Clu",0,0.0042748203022306,0.0868869803643565,0,0,0.010819107724616,0.00218994060131063,0.00674632038037446,0.125642322819161,0,0.00709928036859484,0.0690529488850645,0.0197169575783159,0,0,0.0872007750308047,0.0142543473019235,0.00591529183649514,0,0
"Bnip3l",0.439957615970628,0.608626969974851,1.03913287451429,0.648154136137278,0.443971169554312,0.589371280860203,0.646243559110256,0.418646232851496,1.10100697432076,0.406259209198207,0.600869951940156,1.37624085757523,0.490664917514176,0.563239279168685,0.516316077910207,1.41981161791749,0.445396618030126,0.618685242679006,0.597640163600692,0.459696084383647
"Chmp7",0.0824692904968525,0.0460414906638069,0.119746277909866,0.0923038519654726,0.107817522704254,0.0542308501301326,0.0142161648239786,0.0278772602576898,0.0915411594896235,0.0507000072670601,0.0435760795896129,0.114993945543215,0.0657620145114679,0.0500395407972781,0.0989196216389085,0.125097545508241,0.0504738670342166,0.0491396401057081,0.0793739736488715,0.031721894292921
"Tnfrsf10b",0,0,0.0578888019583311,0.0553460273040843,0.0554878628250901,0.000929932061258027,0.0202613043354276,0.00189929648155804,0.0435041187185927,0.00193243310048462,0.00244564172663636,0.0480685117587879,0,0,0.00833150420589208,0.0551064790510563,0.00313344247551496,0.00262097904550661,0.0285779867821832,0
"Egr3",0.218343124373551,0.0530086057240034,0.0361250243621388,0.0578989779584407,0.199056858368684,0.050738579944826,0.0297960007681433,0.192083463249283,0.0235874710705547,0.20719925313445,0.0349964257169791,0.0158257226421252,0.105147998237931,0.17505667444624,0,0.0167153309658019,0.0676480503164538,0.0202474157847673,0.0274812979240303,0.121118182616161
"Slc39a14",0.0733737475441641,0.0497313831909279,0.00539517446006463,0.0701408537854627,0,0.0568838781644715,0.0493280930076803,0.0253659369125626,0.00871841470640861,0.0102367825049247,0.0594172814472678,0.00524945536245868,0.0449637972445323,0.0353514355209531,0.00774451807928206,0.00434462413109723,0.0406827701753372,0.0527436165091169,0.0334617585463433,0.0375977748870989
"Dnajc3",0.538460741771295,0.59760977339347,0.614814289068868,0.673026335709853,0.735235269981286,0.56489878553191,0.651517594148517,0.498303504403862,0.654054642781731,0.508378808966035,0.600129846955429,0.682982285873772,0.525341822741454,0.339225110499253,0.726499165929459,0.778902015944958,0.554211714412352,0.557941837368178,0.641917322079871,0.49296230193828
"Ank",0.406605106018942,0.223590913588327,0.380072761353523,0.31012232981794,0,0.216540652498739,0.225828630955866,0.34280683582084,0.342131757188898,0.161775985518148,0.228092443215784,0.250258393290368,0.264855352896227,0.0554413444839793,0.174065359571289,0.259155314797126,0.350741656278632,0.219011791415256,0.195115319315781,0.0636630986389958
"Dap",0.169348916397571,0.148406444290796,0.241765216003563,0.335882966571319,0.186765188913009,0.154211216084741,0.343895075806723,0.210946966427113,0.233280029413165,0.16946306266197,0.146401386322249,0.256563463270442,0.267723791363883,0.227750359065894,0.198575039653859,0.273566753478727,0.152635323477659,0.163605748357495,0.361906678007238,0.184317818624004
"Ptk2",0.13460600268339,0.131377501893185,0.918728559025697,0.00968996902408623,0.0462372747001059,0.097795473273368,0.0145292043097582,0.119063494197707,0.759112052812803,0.208137876273502,0.112931330791547,0.626639771750233,0.0749423399852008,0.140651525883913,0.0702298894092351,0.629761974263608,0.153542358882619,0.128188562308542,0.044714506727171,0.0481072645924325
"Gsdmd",0.216802974305024,0.272690938237538,0.110985007742601,0.0872559021419994,0.0474133285691704,0.220331301798266,0.0848607154790718,0.212659562208807,0.109674333449966,0.112664318900033,0.2474559003656,0.119513230394838,0.220476531991171,0.138659988650685,0.113306039869928,0.105304005954484,0.19355795007179,0.241901668695776,0.113901367963164,0.0279755222266517
"H1f0",0.158486208345806,0.110481747536577,0.225535089593075,0.0149897252820232,0.0362833595616208,0.0991898311786622,0.0641998337133411,0.151414562133285,0.298031691654351,0.0727694494894646,0.0926776109108046,0.324135569737317,0.174063745481809,0.034560729586083,0.0173184943881295,0.328012109413321,0.115027167636661,0.0828156523213996,0.0442764161795706,0.0101748359677042
"Bik",0.00406919174675049,0.0192974053399521,0.0537454081387081,0.0743021290158328,0,0.00996032218268057,0.0763449664398146,0.0111830852006074,0.0310064045214648,0,0.0188957577597221,0.0536993567158746,0.0101918978058766,0.0496854758882202,0.0396054343776522,0.0516711063791338,0.00772623298378698,0.0195544789077909,0.0398476334384941,0.0489831886111543
"Tspo",0.783373521735657,0.331522153357307,0.847100238312251,1.11975148314331,0.663035109093567,0.320980810707933,1.14101377753348,0.90459075028256,0.926728768765634,0.614694633349519,0.3582372493969,1.12195205594106,0.748692834978072,0.839557772919693,1.25876795679048,1.19660300788063,0.782839126718943,0.363743920533932,1.19492212254012,0.699705277725085
"Slc38a1",0.262577303802032,0.337943627930382,0,0.790133624252031,0.437663958508474,0.31300683791504,0.547063723085278,0.300591876716169,0.0187133800749855,0.425206806470433,0.338918414976497,0.00135845703665298,0.242932561101906,0.464008634032823,0.512187351806532,0.00579377622364088,0.143310362268773,0.337111084749534,0.559356172442404,0.434166515349568
"Slc11a2",0.0778948434407926,0.0849178468097842,0.0667944560297892,0.0999555278097949,0.0462372747001059,0.088206851076147,0.0713258300933416,0.0695475851616779,0.0407705582859874,0.00501886502796708,0.0719005941944671,0.0440873695769768,0.0873096670705896,0.090337006214852,0.039554795191757,0.0485290259540055,0.0580805019395975,0.0757347138208286,0.0203053882629744,0.00820558469812733
"Igfbp6",0,0.00251144418675287,0.00390244964330728,0,0,0.00572933010522936,0,0.0195698751476576,0.00589232971741531,0.0165450746807442,0.00426228257903945,0.0045991213544536,0.006649183948378,0,0.00987711285736408,0.00293297145111067,0.0156802114012703,0.00098021906804034,0,0
"Pcbp2",0.764946932142347,0.835279604546983,0.959725946380696,0.808611021553036,1.04676320321381,0.699388398508592,0.765685211990279,0.854431486007581,0.94715867977118,0.854901086220967,0.71828707018457,0.980892225784087,0.885879045515052,0.641857343923155,0.884525860642239,1.00405403845527,0.821852544002163,0.701526707088246,0.868380350456535,0.507473365274464
"Crebbp",0.760221605450913,1.01104494022101,0.889029162670125,0.87821213078378,0.713270923398037,0.910763523522476,0.824659977425182,0.768184279941517,0.777256747003426,0.728053256253535,0.936169447766682,0.715668026315714,0.663614595785477,0.744638936353522,0.768619076115946,0.738381177292925,0.694511882789275,0.997373981142724,0.698378855612388,0.579961797046325
"Dnm1l",0.247117632437327,0.287892660925398,0.351282612482288,0.277841945933362,0.276880661730007,0.273863065073916,0.262396470407634,0.252793074402355,0.362880695068725,0.289506790372359,0.28984751940475,0.348706457394411,0.352670131418136,0.147216158950986,0.256888774963943,0.387764784100355,0.306201655411012,0.277094064307031,0.225417107377091,0.246917528443006
"Ube2l3",0.454403036761896,0.483142812053569,0.42475482858454,0.612309081625232,0.517963059453101,0.467736296048482,0.536329115857268,0.473591469607415,0.443297744287933,0.435259620034613,0.454267414909309,0.481078920303972,0.662104586541736,0.664636793877343,0.530039441055426,0.50128841879239,0.560808957696699,0.472520402710286,0.544343401343861,0.34786439818029
"Tfrc",0.0391718739385918,0.0605339749616051,0.832322531998789,0.0519785225734542,0.141316666949451,0.0413539966996477,0.0372732419011369,0.0486697357590054,0.840629388560275,0.0458250763640807,0.0466394660763289,0.683346636115498,0.0497484963798521,0.07445398839605,0.0376261848127427,0.65619205802162,0.0538805469944677,0.0460133323934897,0.0473124909917209,0.0405240046970909
"Chmp2b",0.09393621559076,0.193096038052952,0.323143763178103,0.133337638113219,0.128510880518946,0.161578869560111,0.131321513971823,0.193928433510134,0.354878589274067,0.168689520621098,0.155619897156536,0.414110973768713,0.196302573095376,0.292198569536653,0.175176325407215,0.433830567407915,0.174121213257751,0.160693056792845,0.106854511431318,0.163012390304156
"Btg3",0.170877434927434,0.174979840831954,0.701896386177228,0.5430012521408,0.127252577219522,0.165721961846971,0.425277675153719,0.130244234626099,0.789336030195215,0.221950998587738,0.149111171594446,0.889461904190223,0.14872593578507,0.377091421018466,0.439053619107878,0.875613412924927,0.123460854606903,0.144613483846371,0.376123882460967,0.278348303868993
"App",1.28108644115736,0.724928121959832,2.59921710086803,0.165239124605707,0.0630348566323513,0.727004390344522,0.103936382928102,1.06873974786296,2.44760331712774,0.18383574746462,0.733784126668421,2.44267953267314,0.982268153363121,0.289991841384584,0.177139986877905,2.45088475427521,1.25995156554161,0.757787463132417,0.11840829078055,0.320133710488248
"Bach1",0.514530800537876,0.714684388788266,0.34533730826368,0.180053524166311,0.0362833595616208,0.733441230116227,0.102776238541936,0.584239209414329,0.2943448532158,0.154238426049722,0.673480732941111,0.290825267167789,0.528174847511144,0.153564433770868,0.130657333572044,0.307427464601733,0.436441986726703,0.637221610312589,0.114785180921369,0.0624446331184752
"Sod1",0.278361001321233,0.163162845796324,0.548482720385106,0.32001796284122,0.125027493194798,0.169599303614483,0.277036080935477,0.336697093990236,0.612296544356165,0.201543260670566,0.17876875030513,0.719757742171367,0.399360406134824,0.115295205793606,0.35081530818894,0.759276885751923,0.281521765837099,0.182341458866772,0.309444536721446,0.218893473238191
"Prkn",0.648568032026051,1.3811890983792,0.186212056878858,0.0813100742260333,0.145371755244541,1.37753852158574,0.136280632385511,0.6470617809917,0.174957104532787,0.21145501462816,1.31223563497426,0.120323513291824,0.438537780223353,0.147813874466582,0.168908047469394,0.1157087429005,0.478631792934575,1.31515583627437,0.0748532436159794,0.0298836240115108
"Igf2r",0.0247902980711653,0,0.0401268428945504,0.201178207706949,0.159864303466304,0.00435638864346163,0.350039892106511,0.0154169418879715,0.0334961121403612,0.118399875792606,0.00384129172528241,0.0422376164317286,0.0232644262662182,0,0.380408350379458,0.0417751249251279,0.00507868383382904,0.00483786347433503,0.251943085029849,0.0326684579946471
"Tnfrsf12a",0.103897686515231,0.0368878437305613,0.15677474874524,0.0146110233057248,0,0.0299950987317065,0.0098804223089246,0.0403591648196678,0.158737199006159,0,0.0414628969527909,0.250845239807265,0.0338975228409654,0.0208608241510014,0.0252884047794667,0.238972572934362,0.056781226018051,0.0314345268699432,0.0125063787090463,0.0193317126833764
"Stub1",0.242742625103805,0.212631067480745,0.389672737922582,0.318630502445798,0.0987874044888213,0.193734944828784,0.283795469875557,0.248704252777912,0.372680276539457,0.229875991854305,0.218908905708034,0.44028476715231,0.275127767287603,0.29759387257909,0.360425582101863,0.49939465306665,0.222404929072063,0.205851520709862,0.348396036908095,0.277891627755654
"Rhot2",0.038354156735637,0.0193260198248673,0.0500531614701222,0.0423565127917203,0,0.0250925756068981,0.0598910677388294,0.0455484346209837,0.0699050150292393,0.0218475637819228,0.0263010864105423,0.0512178062939813,0.0154487886072636,0,0.0386634403580727,0.0644532675472009,0.0404099844885206,0.0257563690472716,0.0506097064477934,0.0121030721971096
"Bak1",0.114991777260556,0.0707208612588298,0.0988661198378388,0.116960465972647,0.176911419364956,0.0617645810892071,0.0683375804152665,0.151279031735953,0.0946617133029642,0.0892217452447019,0.0703142007486518,0.0925085913800618,0.148972412936184,0.0599831677729931,0.0702932862854273,0.0901065286665039,0.1317866255503,0.0694144485747916,0.127126133826842,0.0358273947107941
"Cdkn1a",0.559921808505256,0.110285451249395,1.16652968592697,0.0745424739065062,0,0.0851505742269616,0.0788580887956419,0.439009841734672,1.24185657242707,0.0519822808291867,0.122388008460998,1.48831388867912,0.425755649892413,0.0917704824029921,0.0502974073062616,1.69322513026142,0.534542046089334,0.124811130532494,0.0569154547221065,0.148161041762005
"Cbs",0,0,0.00851808484568625,0,0,0.000465903321178063,0,0,0.0151290909455345,0,0.00222969724116796,0.00168302106832166,0,0,0,0.00594494758279431,0,0,0,0
"Tap1",0.218284697463646,0.10460934759101,0.125111991719617,0.504065908941994,0.275699696541535,0.0912592540152215,0.420126309252439,0.264654529212052,0.118544937429389,0.144789066026395,0.0937728550429487,0.102683017709013,0.188251373463274,0.248932777187231,0.454608232701049,0.103927459823893,0.278533906463146,0.10901033335184,0.280151259926507,0.290420929065532
"Tnf",0.717299647322711,0.474094735365333,0.00201111316392425,0.669002406988606,0,0.555151889177328,0.405254061902081,0.636384418571409,0.00140201531888809,0.0958976229479851,0.444490902907093,0.00565613294724758,0.390462284070401,0.109743743688861,0.613573349616891,0.00349404149140785,0.562334234512193,0.282981853625508,0.389394469904699,0.0226326703637867
"Ier3",0.879726697861296,0.628709695302285,0.535714005134909,0.120296640716823,0,0.621353925106592,0.130478742764032,0.760801274821208,0.49299379814793,0.0780556884746556,0.570899413730338,0.633133783044674,0.646327384957521,0.182852419348333,0.0924981281920755,0.7225157877849,0.830870647645818,0.352963796255777,0.151064737578113,0.0468726071067174
"Flot1",0.145019140365068,0.152726679062892,0.161724437278149,0.122492223052597,0.0730230176938563,0.160188449994458,0.0629242529179661,0.132016950918635,0.15800247578378,0.0416840511614842,0.136113202440269,0.215425644539097,0.0884715237388649,0.0379015829865633,0.0775131449559708,0.189148295091649,0.130448183593468,0.140263664328392,0.11392047615816,0.0157527620819217
"Satb1",0.0576037343808455,0.0688021581696201,0.0448506639193733,0.541452446175497,0.473329624343049,0.0580986577856223,0.450691662000601,0.0411565984369499,0.0516289934288849,0.425232184107535,0.0652794901366616,0.0385096378849968,0.0912680277776698,1.00289266437507,0.547138731220047,0.0394686707541179,0.0212550329203213,0.0748747373183361,0.295938888389504,0.430041074684545
"Rock1",0.952409768373575,0.999983654086762,1.10106869767447,1.50207922690797,0.937252272804372,0.932638746507912,1.17279431921769,0.876601556647974,1.01532986237767,0.89433902396957,0.899782693312673,1.04816342657024,0.974449864548582,0.945837779001403,1.12016017182698,1.10326133261644,0.82290764394379,0.929724076509607,1.16570226094437,0.731728056439153
"Etf1",0.788803563759123,0.645219085514385,0.293420492029837,0.429726661010069,0.358217304696403,0.616343636477294,0.340359214141503,0.591015433231484,0.271523482953585,0.336095278702277,0.439804351739516,0.336870264032063,0.583960945742217,0.293006429251276,0.374397418190618,0.338218044632045,0.620733654814605,0.420392346918876,0.31687699023464,0.317467147949395
"Cd14",1.11577250561596,0.650625658201812,0.00829463682563478,0.0903356711350977,0,0.617618599256602,0.0280564505552597,0.791835624693041,0.0175428649939843,0.0423241452574859,0.6136231076087,0.0196930749951146,0.841469929384624,0.0923220644196086,0.0724192518592453,0.0188499927155488,1.02295097167159,0.611381081087869,0.0163910795160383,0.0608621020158826
"Pdgfrb",0.00460434081998817,0.0026770706843004,0.0481201032314372,0,0,0.00499337139567179,0,0,0.0658942036732389,0,0.00641313423005971,0.0568010590165308,0.0169844956974059,0,0,0.0765213133356936,0.00846608679356092,0.0112964870400605,0,0
"Pmaip1",0.574260418164407,0.107038080635561,0.132108531642662,0.0553477711387262,0.0723552480599419,0.149765821122708,0.113041589545355,0.572421330140681,0.158035231984122,0.115794768544015,0.119412521395191,0.148230292960937,0.308439331633307,0.034560729586083,0.025493853483283,0.17594068906218,0.402707534032806,0.0957071111032226,0.11634304715749,0.131333253073139
"Smad7",0.479059199793882,1.22313701119919,1.00119494321276,0.826909402590617,0.338160875061949,1.13793600393386,0.629357130279978,0.251729716159443,0.827498568671936,0.347444923281256,1.0727578013654,0.93362975392908,0.197526050728909,0.590019647673264,0.589261653795833,1.01919901363659,0.141846302164698,1.04659130619789,0.528106200342891,0.374566593744416
"Rela",0.328080281004388,0.322327981340992,0.298154015776798,0.217878926404071,0.120436346263027,0.244243608777942,0.132779172475217,0.202707059920107,0.299299843013045,0.153347005408233,0.22313413448691,0.321640774482731,0.268496996683115,0.087519594948732,0.0844582852974377,0.32018286002131,0.223753322375012,0.224547444645387,0.215463676231336,0.270165798416209
"Ppp2r5b",0.023183382283559,0.022840944613866,0.0808362408892074,0.00670994503247542,0,0.0185498448234028,0.0166244952182604,0.0182551325393796,0.0595741147355438,0.052150802724001,0.0237546575000853,0.0808015939022325,0.0475500197492486,0,0.0274089106619054,0.0836211647595019,0.0575184898461035,0.0257284086502907,0.00518515745472933,0.00738635252944834
"Slc3a2",0.498908266059624,0.649461944766101,1.05480584933501,0.599976813731111,0.294544330205462,0.557644674750319,0.528872533989416,0.613031648942608,1.11997142608478,0.467641210552306,0.619780608764186,1.2825813086967,0.458663979267563,0.227114588760539,0.527169680418291,1.29464811221016,0.588475402516876,0.576739768573595,0.507258266543373,0.394846095130026
"Fth1",3.44024900379693,2.45515075857055,2.00868389097182,2.34577031245809,2.92747624699624,2.59489536602038,2.49999583909071,3.51352068304629,2.34629449665135,2.88412576064474,2.6134793165728,2.652704400179,3.49342779795684,3.35074520000057,2.47634742529694,2.63423929999082,3.75191131974171,2.67318807222784,2.5516617149754,3.11395796928845
"Anxa1",0.193559863587428,0,0.019670456074327,0.224382883540406,0.0462372747001059,0,0.0993864437724464,0.284473165017911,0.0264787176368018,0.0248599091406503,0.000871406201266773,0.0204368828579244,0.414555612721454,0,0.128188124595841,0.0170083623387512,0.215221395671214,0.000594555109517782,0.112156538537317,0
"Fas",0.03824822189935,0.0117198628597545,0.55920208783683,0.0660181581656985,0,0.0194233687204173,0.1399175862809,0.0677594838791901,0.548495076964059,0.0904316334973391,0.0257267870863787,0.649500395318888,0.0968745526634698,0.0214402775295282,0.0745480504914191,0.652203493086636,0.0781124488423303,0.0308643905121973,0.146386076403406,0.0234557677014766
"Pdcd4",0.339868337406313,0.627512626106055,0.318479078610681,1.90967589129834,1.1119439206056,0.529878295526121,1.80878794220554,0.380971551982369,0.313386119818875,1.05223295747035,0.475393874985328,0.367196556221559,0.390423613708235,1.06094619592589,1.80718482877413,0.386028048096103,0.373957510946326,0.46398458085187,1.69306972336805,0.938385823962844
"Acsl5",0.247948009838103,0.176167205017987,0.125468013534873,0.139069276016937,0.21029109744719,0.168967407468492,0.123005383941518,0.202524181847327,0.136392592543558,0.0782379920133525,0.169582917708893,0.134453901365581,0.207648826758903,0.241936089742415,0.249758466965945,0.145770038458181,0.210565286086102,0.190607675567209,0.164923155492245,0.0930972015745171
"Casp7",0.0308701769018202,0.110770005178398,0.150548468097797,0.164964773259433,0.0745231796841384,0.115213143694527,0.163015595527369,0.105896535613047,0.0960949158598745,0.0792311975762474,0.123301242205284,0.0864491098318972,0.0713181791269515,0.106238685115274,0.0997819374296551,0.0877589481031753,0.0639038689553461,0.11988735681308,0.128423463924552,0.0220745029810774
"Ebp",0.252636590169265,0.267257202474814,0.174859852256492,0.266060102481819,0.349985493302478,0.239927662765639,0.286048690195747,0.252382910736795,0.211857475342298,0.178557183668451,0.273573299855744,0.272540152373403,0.297944829862754,0.23812824305106,0.290259140704649,0.2694007852159,0.355234451619111,0.284591359589374,0.238710259977281,0.369784008658906
"Cybb",1.8223030733742,0.0102265859093968,0.00292016142643572,0.0416514237242724,0.791341276580446,0.0422381939562187,0.0196903167689569,1.68999993804937,0.000730349395567291,1.10087429553533,0.0280961861687482,0,1.64212813420972,0.41911003185145,0,0.00162236040530921,1.50093725791277,0.0287865890899361,0.00967604793132168,1.00116559435364
"Xiap",0.597494437997626,0.783823229460989,0.754506584234022,0.523983648129581,0.264286595034021,0.760011355893641,0.399327427279216,0.559934604776977,0.724750737158921,0.438731618842802,0.758690510703119,0.685596781354912,0.538362995097392,0.422169225427165,0.412610016706329,0.706663358550092,0.553657608732114,0.781457480987962,0.339153763611938,0.339717567601957
"Bgn",0,0,0.0281571169056717,0,0,0,0,0,0.0296661346036775,0,0.000687733226214613,0.0405283185455715,0,0,0,0.0517753165196334,0,0.000353537364110818,0,0
"Bcap31",0.460648118604526,0.461716636149502,0.436464083070088,0.462391625454396,0.594698178263286,0.424981220129102,0.395193906971325,0.43492221984769,0.436279096367675,0.448685895509595,0.447216364149324,0.534923755609404,0.46928674982285,0.598411865018069,0.38958149448264,0.572878022352671,0.448258825591491,0.471734346454697,0.476149991919517,0.472958671032033
"Ogt",0.605306303042846,0.644818084784027,0.622139531648739,1.00466701309788,0.829177551814634,0.537193230284098,0.721737723237677,0.503566442399358,0.452061764221651,0.586383891784234,0.544698321664587,0.364776177573661,0.406695432875736,0.283625514825682,0.767367802345636,0.361283924614683,0.459173921177837,0.554152880741102,0.661027314476784,0.440134949494011
"Nox1",0.0128267956526322,0.0169598398184126,0.0139283107226889,0,0.135113828881479,0.0188735106725618,0.010899145732138,0.00884642952328563,0.00886345012449128,0.0556263140092974,0.0160168832360409,0.00448697108733291,0.00865546288032206,0.0257700475878969,0.0192923070878997,0.00734394140423456,0.00760164840110997,0.0135290863071407,0.0196394616142634,0
"Acsl4",0.430641056830327,0.549741825306679,0.153902651566341,0.39581885517824,0.258814474654459,0.504134358844044,0.2905016530504,0.436452693084675,0.192429128418345,0.197666756532071,0.470861560524239,0.145504733236831,0.413026468097773,0.184588099469999,0.215781184362486,0.165684849089964,0.382575694189419,0.513408459871045,0.271524218265005,0.140371292044594
"Sat1",1.95776386102782,2.487739055779,0.416211552643196,0.768010515621075,0.691999831427796,2.5307628853724,0.725179349332659,1.98597030913962,0.443905523297233,0.913654368275923,2.41979157209617,0.544323482173079,1.83576837406049,1.00168367648025,0.626975562356945,0.555725393973511,1.8940573617157,2.23198764219399,0.632337272079326,0.835406077569511
